PID,gender,age,SOD,role,staying,floor,office_number,pair,place1,place2,place4familiar,place4unfamiliar,familiar,unfamiliar,vis_diff_1,str_diff_1,sem_diff_1,sign_diff_1,fre_diff_1,Q1,Q2,Q3,Q4,Q5,Q6,Q7,Q8,Q9,Q10,Q11
FS013,male,27,95,scientific staff,39,L,88, ,K32,WC-L,K32,K32,1,1,-.427071679,-.560750624,.464692004,-1.195228609,-1.669761686,-.772667409,0,-.508547628,-1.217161239,.863331695,-1.328422328,-.431665847,1.825741858,0,-1.195228609,-1.669761686
FS013,male,27,95,scientific staff,39,L,88, ,K32,L12,K32,K32,1,1,-1.433117852,-1.195276678,.287777232,1.195228609,.333952337,-1.159001114,-.597614305,-2.542738139,-1.825741858,-.431665847,-1.328422328,.863331695,0,0,1.195228609,.333952337
FS013,male,27,95,scientific staff,39,L,88, ,K32,L11,L11,K32,-1,1,.11772882,-1.638084121,-.143888616,1.195228609,-1.669761686,.772667409,.597614305,-1.017095255,-1.825741858,-.431665847,-2.656844657,-.431665847,0,0,1.195228609,-1.669761686
FS013,male,27,95,scientific staff,39,L,88, ,K32,L40,K32,K32,1,1,.983948009,.922303285,2.080378492,1.195228609,.333952337,1.159001114,1.792842914,0,.608580619,2.158329237,0,2.158329237,1.825741858,2.257064382,1.195228609,.333952337
FS013,male,27,95,scientific staff,39,L,88, ,K32,J10,K32,K32,1,1,.983948009,-.848527856,1.397927714,1.195228609,.333952337,1.159001114,1.792842914,0,-1.217161239,0,-1.328422328,.863331695,1.825741858,1.504709588,1.195228609,.333952337
FS013,male,27,95,scientific staff,39,L,88, ,WC-L,L12,WC-L,L12,1,-1,-1.006046173,-.634526054,-.176914772,2.390457219,2.003714024,-.386333705,-.597614305,-2.034190511,-.608580619,-1.294997542,0,1.294997542,-1.825741858,0,2.390457219,2.003714024
FS013,male,27,95,scientific staff,39,L,88, ,WC-L,L11,L11,WC-L,-1,1,.544800499,-1.077333497,-.608580619,2.390457219,0,1.545334819,.597614305,-.508547628,-.608580619,-1.294997542,-1.328422328,0,-1.825741858,0,2.390457219,0
FS013,male,27,95,scientific staff,39,L,88, ,WC-L,L40,WC-L,WC-L,1,1,1.411019688,1.48305391,1.615686488,2.390457219,2.003714024,1.931668523,1.792842914,.508547628,1.825741858,1.294997542,1.328422328,2.589995084,0,2.257064382,2.390457219,2.003714024
FS013,male,27,95,scientific staff,39,L,88, ,WC-L,J10,WC-L,WC-L,1,1,1.411019688,-.287777232,.93323571,2.390457219,2.003714024,1.931668523,1.792842914,.508547628,0,-.863331695,0,1.294997542,0,1.504709588,2.390457219,2.003714024
FS013,male,27,95,scientific staff,39,L,88, ,L12,L11,L11,L12,-1,1,1.550846672,-.442807443,-.431665847,0,-2.003714024,1.931668523,1.195228609,1.525642883,0,0,-1.328422328,-1.294997542,0,0,0,-2.003714024
FS013,male,27,95,scientific staff,39,L,88, ,L12,L40,L12,L12,1,1,2.417065862,2.117579963,1.792601261,0,0,2.318002228,2.390457219,2.542738139,2.434322478,2.589995084,1.328422328,1.294997542,1.825741858,2.257064382,0,0
FS013,male,27,95,scientific staff,39,L,88, ,L12,J10,L12,L12,1,1,2.417065862,.346748822,1.110150482,0,0,2.318002228,2.390457219,2.542738139,.608580619,.431665847,0,0,1.825741858,1.504709588,0,0
FS013,male,27,95,scientific staff,39,L,88, ,L11,L40,L11,L11,1,1,.86621919,2.560387406,2.224267108,0,2.003714024,.386333705,1.195228609,1.017095255,2.434322478,2.589995084,2.656844657,2.589995084,1.825741858,2.257064382,0,2.003714024
FS013,male,27,95,scientific staff,39,L,88, ,L11,J10,L11,L11,1,1,.86621919,.789556265,1.541816329,0,2.003714024,.386333705,1.195228609,1.017095255,.608580619,.431665847,1.328422328,1.294997542,1.825741858,1.504709588,0,2.003714024
FS013,male,27,95,scientific staff,39,L,88, ,L40,J10,J10,J10,-1,-1,0,-1.770831141,-.682450779,0,0,0,0,0,-1.825741858,-2.158329237,-1.328422328,-1.294997542,0,-.752354794,0,0
FS014,female,28,80,scientific staff,96,H,84, ,H38,WC-H,WC-H,WC-H,-1,-1,-.190346747,-.774113,-2.005855869,-1.463850109,-2.685430778,-.571040241,0,0,-.58058475,-1.741754249,0,-2.322338999,-2.5,-1.195228609,-1.463850109,-2.685430778
FS014,female,28,80,scientific staff,96,H,84, ,H38,L11,L11,H38,-1,1,1.288941784,1.312509804,-2.210737156,.731925055,0,1.142080481,1.5,1.224744871,1.741754249,0,2.195775164,-1.741754249,-2.5,-2.390457219,.731925055,0
FS014,female,28,80,scientific staff,96,H,84, ,H38,L40,L40,H38,-1,1,2.411216902,1.506038054,-2.044070489,0,-.537086156,2.284160963,2.5,2.449489743,1.741754249,.58058475,2.195775164,-1.741754249,-2,-2.390457219,0,-.537086156
FS014,female,28,80,scientific staff,96,H,84, ,H38,K13, ,H38, ,1,1.288941784,-.143081482,-2.597793656,-1.463850109,-.537086156,1.142080481,1.5,1.224744871,0,-1.1611695,.731925055,-2.902923749,-2.5,-2.390457219,-1.463850109,-.537086156
FS014,female,28,80,scientific staff,96,H,84, ,H38,J10,J10,H38,-1,1,.357013414,-.336609732,-2.404265406,.731925055,-.537086156,.571040241,.5,0,0,-1.741754249,.731925055,-2.322338999,-2.5,-2.390457219,.731925055,-.537086156
FS014,female,28,80,scientific staff,96,H,84, ,WC-H,L11,WC-H,WC-H,1,1,1.479288531,2.086622804,-.204881287,2.195775164,2.685430778,1.713120722,1.5,1.224744871,2.322338999,1.741754249,2.195775164,.58058475,0,-1.195228609,2.195775164,2.685430778
FS014,female,28,80,scientific staff,96,H,84, ,WC-H,L40,WC-H, ,1, ,2.601563649,2.280151054,-.03821462,1.463850109,2.148344622,2.855201204,2.5,2.449489743,2.322338999,2.322338999,2.195775164,.58058475,.5,-1.195228609,1.463850109,2.148344622
FS014,female,28,80,scientific staff,96,H,84, ,WC-H,K13,WC-H,K13,1,-1,1.479288531,.631031518,-.591937786,0,2.148344622,1.713120722,1.5,1.224744871,.58058475,.58058475,.731925055,-.58058475,0,-1.195228609,0,2.148344622
FS014,female,28,80,scientific staff,96,H,84, ,WC-H,J10,WC-H,WC-H,1,1,.54736016,.437503268,-.398409536,2.195775164,2.148344622,1.142080481,.5,0,.58058475,0,.731925055,0,0,-1.195228609,2.195775164,2.148344622
FS014,female,28,80,scientific staff,96,H,84, ,L11,L40,L11, ,1, ,1.122275118,.19352825,.166666667,-.731925055,-.537086156,1.142080481,1,1.224744871,0,.58058475,0,0,.5,0,-.731925055,-.537086156
FS014,female,28,80,scientific staff,96,H,84, ,L11,K13,K13,K13,-1,-1,0,-1.455591286,-.3870565,-2.195775164,-.537086156,0,0,0,-1.741754249,-1.1611695,-1.463850109,-1.1611695,0,0,-2.195775164,-.537086156
FS014,female,28,80,scientific staff,96,H,84, ,L11,J10,J10,J10,-1,-1,-.931928371,-1.649119536,-.19352825,0,-.537086156,-.571040241,-1,-1.224744871,-1.741754249,-1.741754249,-1.463850109,-.58058475,0,0,0,-.537086156
FS014,female,28,80,scientific staff,96,H,84, ,L40,K13,L40,L40,1,1,-1.122275118,-1.649119536,-.553723167,-1.463850109,0,-1.142080481,-1,-1.224744871,-1.741754249,-1.741754249,-1.463850109,-1.1611695,-.5,0,-1.463850109,0
FS014,female,28,80,scientific staff,96,H,84, ,L40,J10,J10,J10,-1,-1,-2.054203488,-1.842647786,-.360194917,.731925055,0,-1.713120722,-2,-2.449489743,-1.741754249,-2.322338999,-1.463850109,-.58058475,-.5,0,.731925055,0
FS014,female,28,80,scientific staff,96,H,84, ,K13,J10,K13,K13,1,1,-.931928371,-.19352825,.19352825,2.195775164,0,-.571040241,-1,-1.224744871,0,-.58058475,0,.58058475,0,0,2.195775164,0
FS015,female,31,70,scientific staff,70,J,74, ,J10,L40,L40,J10,-1,1,1.39607018880715,.2183097158052,-.47345544528419,-.534522483824849,-.412861411922385,1.118033989,1.328422328,1.741754249,2.236067977,-1.58113883,0,-.790569415,.387298335,-1.017095255,-.534522484,-.412861412
FS015,female,31,70,scientific staff,70,J,74, ,J10,L11,L11,J10,-1,1,.387056499858092,-.812267136686123,-1.07068608684176,-1.0690449676497,-1.23858423576716,0,0,1.1611695,0,-3.16227766,.72547625,-.790569415,-.387298335,-2.034190511,-1.069044968,-1.238584236
FS015,female,31,70,scientific staff,70,J,74, ,J10,H92,H92,H92, ,-1,1.42394566026313,.943785965915212,.909020362715268,0,0,1.118033989,1.992633492,1.1611695,2.236067977,-1.58113883,2.17642875,.790569415,1.936491673,0,0,0
FS015,female,31,70,scientific staff,70,J,74, ,J10,WC-J,WC-J,J10,-1,1,-.787609967564035,-.396193697148102,-1.07068608684176,-2.67261241912424,-2.47716847153431,-1.118033989,-.664211164,-.58058475,1.118033989,-1.58113883,-.72547625,-.790569415,-.387298335,-2.034190511,-2.672612419,-2.477168472
FS015,female,31,70,scientific staff,70,J,74, ,J10,H38, ,J10, ,1,-.566206246179011,-.154368280444765,1.04344405618905,-.534522483824849,0,-1.118033989,0,-.58058475,1.118033989,-1.58113883,0,1.58113883,1.549193338,0,-.534522484,0
FS015,female,31,70,scientific staff,70,J,74, ,L40,L11,L11,L11,-1,-1,-1.00901368894906,-1.03057685249132,-.597230641557566,-.534522483824849,-.825722823844771,-1.118033989,-1.328422328,-.58058475,-2.236067977,-1.58113883,.72547625,0,-.774596669,-1.017095255,-.534522484,-.825722824
FS015,female,31,70,scientific staff,70,J,74, ,L40,H92,H92,H92, ,-1,.027875471455978,.725476250110012,1.38247580799946,.534522483824849,.412861411922385,0,.664211164,-.58058475,0,0,2.17642875,1.58113883,1.549193338,1.017095255,.534522484,.412861412
FS015,female,31,70,scientific staff,70,J,74, ,L40,WC-J,WC-J,WC-J,-1,-1,-2.18368015637118,-.614503412953302,-.597230641557566,-2.1380899352994,-2.06430705961193,-2.236067977,-1.992633492,-2.322338999,-1.118033989,0,-.72547625,0,-.774596669,-1.017095255,-2.138089935,-2.06430706
FS015,female,31,70,scientific staff,70,J,74, ,L40,H38,H38,H38,-1,-1,-1.96227643498616,-.372677996249965,1.51689950147324,0,.412861411922385,-2.236067977,-1.328422328,-2.322338999,-1.118033989,0,0,2.371708245,1.161895004,1.017095255,0,.412861412
FS015,female,31,70,scientific staff,70,J,74, ,L11,H92,L11,H92,1,-1,1.03688916040504,1.75605310260133,1.97970644955702,1.0690449676497,1.23858423576716,1.118033989,1.992633492,0,2.236067977,1.58113883,1.4509525,1.58113883,2.323790008,2.034190511,1.069044968,1.238584236
FS015,female,31,70,scientific staff,70,J,74, ,L11,WC-J,WC-J,WC-J, ,-1,-1.17466646742213,.416073439538021,0,-1.60356745147455,-1.23858423576716,-1.118033989,-.664211164,-1.741754249,1.118033989,1.58113883,-1.4509525,0,0,0,-1.603567451,-1.238584236
FS015,female,31,70,scientific staff,70,J,74, ,L11,H38,L11,H38,1,-1,-.953262746037103,.657898856241358,2.11413014303081,.534522483824849,1.23858423576716,-1.118033989,0,-1.741754249,1.118033989,1.58113883,-.72547625,2.371708245,1.936491673,2.034190511,.534522484,1.238584236
FS015,female,31,70,scientific staff,70,J,74, ,H92,WC-J,WC-J,H92,-1,1,-2.21155562782716,-1.33997966306331,-1.97970644955702,-2.67261241912424,-2.47716847153431,-2.236067977,-2.656844657,-1.741754249,-1.118033989,0,-2.901905,-1.58113883,-2.323790008,-2.034190511,-2.672612419,-2.477168472
FS015,female,31,70,scientific staff,70,J,74, ,H92,H38,H38,H38, ,-1,-1.99015190644214,-1.09815424635998,.134423693473784,-.534522483824849,0,-2.236067977,-1.992633492,-1.741754249,-1.118033989,0,-2.17642875,.790569415,-.387298335,0,-.534522484,0
FS015,female,31,70,scientific staff,70,J,74, ,WC-J,H38,WC-J,H38,1,-1,.221403721385024,.241825416703337,2.11413014303081,2.1380899352994,2.47716847153431,0,.664211164,0,0,0,.72547625,2.371708245,1.936491673,2.034190511,2.138089935,2.477168472
FS016,male,31,91,scientific staff,23,J,30, ,L11,J10,J10,J10,-1,-1,-.265606357629865,1.32842232831014,-.263523138347365,0,2.03419051086243,0,0,-.796819073,0,0,1.328422329,0,-.790569415,0,0,2.034190511
FS016,male,31,91,scientific staff,23,J,30, ,L11,H79,L11,L11,1,1,1.72226460833801,1.99263349246521,1.35526066055668,0,2.03419051086243,1.778920168,2.192645048,1.195228609,0,0,1.992633493,2.449489742,.790569415,.825722824,0,2.034190511
FS016,male,31,91,scientific staff,23,J,30, ,L11,WC-J,WC-J,WC-J,-1,-1,-.265606357629865,0,-.52704627669473,-.912870929175277,0,0,0,-.796819073,0,0,0,0,-1.58113883,0,-.912870929,0
FS016,male,31,91,scientific staff,23,J,30, ,L11,L12,L11,L11,1,1,1.05908405751457,0,.263523138347365,-.912870929175277,2.03419051086243,1.423136134,1.754116038,0,0,0,0,0,.790569415,0,-.912870929,2.034190511
FS016,male,31,91,scientific staff,23,J,30, ,L11,J41,L11,J41,1,-1,1.68130979187807,1.99263349246521,1.08924596219214,1.82574185835055,1.01709525543122,2.134704201,1.315587029,1.593638146,0,0,1.992633493,0,.790569415,2.477168472,1.825741858,1.017095255
FS016,male,31,91,scientific staff,23,J,30, ,J10,H79,J10,H79,1,-1,1.98787096596787,.664211164155071,1.61878379890405,0,0,1.778920168,2.192645048,1.992047682,0,0,.664211164,2.449489742,1.58113883,.825722824,0,0
FS016,male,31,91,scientific staff,23,J,30, ,J10,WC-J,J10,WC-J,1,-1,0,-1.32842232831014,-.263523138347365,-.912870929175277,-2.03419051086243,0,0,0,0,0,-1.328422329,0,-.790569415,0,-.912870929,-2.034190511
FS016,male,31,91,scientific staff,23,J,30, ,J10,L12,L12,J10,-1,1,1.32469041514443,-1.32842232831014,.52704627669473,-.912870929175277,0,1.423136134,1.754116038,.796819073,0,0,-1.328422329,0,1.58113883,0,-.912870929,0
FS016,male,31,91,scientific staff,23,J,30, ,J10,J41,J41,J41,-1,-1,1.94691614950793,.664211164155071,1.3527691005395,1.82574185835055,-1.01709525543122,2.134704201,1.315587029,2.390457219,0,0,.664211164,0,1.58113883,2.477168472,1.825741858,-1.017095256
FS016,male,31,91,scientific staff,23,J,30, ,H79,WC-J,H79, ,1, ,-1.98787096596787,-1.99263349246521,-1.88230693725141,-.912870929175277,-2.03419051086243,-1.778920168,-2.192645048,-1.992047682,0,0,-1.992633493,-2.449489742,-2.371708245,-.825722824,-.912870929,-2.034190511
FS016,male,31,91,scientific staff,23,J,30, ,H79,L12,H79,H79,1,1,-.66318055082344,-1.99263349246521,-1.09173752220932,-.912870929175277,0,-.355784034,-.43852901,-1.195228609,0,0,-1.992633493,-2.449489742,0,-.825722824,-.912870929,0
FS016,male,31,91,scientific staff,23,J,30, ,H79,J41,J41,J41,-1,-1,-.0409548164599406,0,-.266014698364546,1.82574185835055,-1.01709525543122,.355784033,-.877058019,.398409537,0,0,0,-2.449489742,0,1.651445648,1.825741858,-1.017095256
FS016,male,31,91,scientific staff,23,J,30, ,WC-J,L12,WC-J,WC-J,1,1,1.32469041514443,0,.790569415042095,0,2.03419051086243,1.423136134,1.754116038,.796819073,0,0,0,0,2.371708245,0,0,2.034190511
FS016,male,31,91,scientific staff,23,J,30, ,WC-J,J41,J41,J41,-1,-1,1.94691614950793,1.99263349246521,1.61629223888687,2.73861278752583,1.01709525543122,2.134704201,1.315587029,2.390457219,0,0,1.992633493,0,2.371708245,2.477168472,2.738612787,1.017095255
FS016,male,31,91,scientific staff,23,J,30, ,L12,J41,J41,J41, ,-1,.622225734363499,1.99263349246521,.825722823844771,2.73861278752583,-1.01709525543122,.711568067,-.438529009,1.593638146,0,0,1.992633493,0,0,2.477168472,2.738612787,-1.017095256
FS017,male,32,63,scientific staff,23,L,30, ,L26,L11,L11,L11,-1,-1,-.752354793863279,-.245633873649104,-1.60186994478341,-.725476250110012,-1.73902085910063,-.752354794,-.752354794,-.752354794,1.224744871,-.825722824,-1.135923668,-1.825741858,-1.651445648,-1.328422328,-.72547625,-1.739020859
FS017,male,32,63,scientific staff,23,L,30, ,L26,H79,H79,H79,-1,-1,-.752354793863279,-.449758018881035,-.351883193070223,.725476250110012,.347804171820126,-.752354794,-.752354794,-.752354794,.612372436,-.825722824,-1.135923668,-1.217161239,.825722824,-.664211164,.72547625,.347804172
FS017,male,32,63,scientific staff,23,L,30, ,L26,L40,L40,L40,-1,-1,-.752354793863279,-.858006309344898,-.627124134351814,0,0,-.752354794,-.752354794,-.752354794,-.612372436,-.825722824,-1.135923668,-1.217161239,0,-.664211164,0,0
FS017,male,32,63,scientific staff,23,L,30, ,L26,J39,L26,L26,1,1,.752354793863279,-.290044475097834,.370426707971852,0,.347804171820126,.752354794,.752354794,.752354794,-.612372436,-.825722824,.567961834,.608580619,-.825722824,1.328422328,0,.347804172
FS017,male,32,63,scientific staff,23,L,30, ,L26,WC-L,L26,L26,1,1,-2.25706438158984,1.54149554109035,-1.60186994478341,-2.17642875033004,-1.73902085910063,-2.257064382,-2.257064382,-2.257064382,1.837117307,1.651445648,1.135923668,-1.825741858,-1.651445648,-1.328422328,-2.17642875,-1.739020859
FS017,male,32,63,scientific staff,23,L,30, ,L11,H79,H79,H79,-1,-1,0,-.204124145231931,1.24998675171319,1.45095250022002,2.08682503092076,0,0,0,-.612372436,0,0,.608580619,2.477168472,.664211164,1.4509525,2.086825031
FS017,male,32,63,scientific staff,23,L,30, ,L11,L40,L40,L40,-1,-1,0,-.612372435695795,.974745810431599,.725476250110012,1.73902085910063,0,0,0,-1.837117307,0,0,.608580619,1.651445648,.664211164,.72547625,1.739020859
FS017,male,32,63,scientific staff,23,L,30, ,L11,J39,L11,L11,1,1,1.50470958772656,-.0444106014487298,1.97229665275527,.725476250110012,2.08682503092076,1.504709588,1.504709588,1.504709588,-1.837117307,0,1.703885503,2.434322478,.825722824,2.656844657,.72547625,2.086825031
FS017,male,32,63,scientific staff,23,L,30, ,L11,WC-L,L11,L11,1,1,-1.50470958772656,1.78712941473946,0,-1.45095250022002,0,-1.504709588,-1.504709588,-1.504709588,.612372436,2.477168472,2.271847337,0,0,0,-1.4509525,0
FS017,male,32,63,scientific staff,23,L,30, ,H79,L40,H79,L40,1,-1,0,-.408248290463863,-.27524094128159,-.725476250110012,-.347804171820126,0,0,0,-1.224744871,0,0,0,-.825722824,0,-.72547625,-.347804172
FS017,male,32,63,scientific staff,23,L,30, ,H79,J39,H79,H79,1,1,1.50470958772656,.159713543783202,.722309901042076,-.725476250110012,0,1.504709588,1.504709588,1.504709588,-1.224744871,0,1.703885503,1.825741858,-1.651445648,1.992633492,-.72547625,0
FS017,male,32,63,scientific staff,23,L,30, ,H79,WC-L,H79,H79,1,1,-1.50470958772656,1.99125355997139,-1.24998675171319,-2.90190500044005,-2.08682503092076,-1.504709588,-1.504709588,-1.504709588,1.224744871,2.477168472,2.271847337,-.608580619,-2.477168472,-.664211164,-2.901905,-2.086825031
FS017,male,32,63,scientific staff,23,L,30, ,L40,J39,L40,L40,1,1,1.50470958772656,.567961834247065,.997550842323666,0,.347804171820126,1.504709588,1.504709588,1.504709588,0,0,1.703885503,1.825741858,-.825722824,1.992633492,0,.347804172
FS017,male,32,63,scientific staff,23,L,30, ,L40,WC-L,L40,L40,1,1,-1.50470958772656,2.39950185043525,-.974745810431599,-2.17642875033004,-1.73902085910063,-1.504709588,-1.504709588,-1.504709588,2.449489743,2.477168472,2.271847337,-.608580619,-1.651445648,-.664211164,-2.17642875,-1.739020859
FS017,male,32,63,scientific staff,23,L,30, ,J39,WC-L,J39,J39,1,1,-3.00941917545311,1.83154001618818,-1.97229665275527,-2.17642875033004,-2.08682503092076,-3.009419175,-3.009419175,-3.009419175,2.449489743,2.477168472,.567961834,-2.434322478,-.825722824,-2.656844657,-2.17642875,-2.086825031
FS019,male,31,85,scientific staff,135,L,54, ,J10,L40,J10,J10,1,1,1.78245017303643,1.54177489842969,.0838013526724645,1.79284291400159,-.319982934698545,1.358732441,2.195775164,1.792842914,1.97814142,1.328422328,1.318760947,0,2.158329237,-1.906925178,1.792842914,-.319982935
FS019,male,31,85,scientific staff,135,L,54, ,J10,L11,L11,J10,-1,1,-.452910813657838,-1.10218791616583,.317820863081864,-1.19522860933439,-1.91989760819127,-1.358732441,0,0,-.659380473,-1.328422328,-1.318760947,0,0,.953462589,-1.195228609,-1.919897608
FS019,male,31,85,scientific staff,135,L,54, ,J10,Elevator,Elevator,Elevator,-1,-1,-.669635193288451,-2.77555756156289E-17,-.317820863081864,0,-1.91989760819127,-.67936622,-.731925055,-.597614305,.659380473,0,-.659380473,0,0,-.953462589,0,-1.919897608
FS019,male,31,85,scientific staff,135,L,54, ,J10,K32,K32,J10,-1,1,.425660175051318,.219793491131929,.588036438944161,-.597614304667197,0,.67936622,0,.597614305,.659380473,0,0,2.195775164,-.431665847,0,-.597614305,0
FS019,male,31,85,scientific staff,135,L,54, ,J10,WC-L,WC-L,J10,-1,1,.824069711496116,-1.10218791616583,-.130130034017282,0,-1.91989760819127,.67936622,0,1.792842914,-.659380473,-1.328422328,-1.318760947,-.731925055,1.294997542,-.953462589,0,-1.919897608
FS019,male,31,85,scientific staff,135,L,54, ,L40,L11,L11,L11,-1,-1,-2.23536098669427,-2.64396281459553,.2340195104094,-2.98807152333598,-1.59991467349273,-2.717464882,-2.195775164,-1.792842914,-2.637521894,-2.656844657,-2.637521894,0,-2.158329237,2.860387768,-2.988071523,-1.599914673
FS019,male,31,85,scientific staff,135,L,54, ,L40,Elevator,Elevator,Elevator,-1,-1,-2.45208536632489,-1.54177489842969,-.401622215754329,-1.79284291400159,-1.59991467349273,-2.038098661,-2.927700219,-2.390457219,-1.318760947,-1.328422328,-1.97814142,0,-2.158329237,.953462589,-1.792842914,-1.599914673
FS019,male,31,85,scientific staff,135,L,54, ,L40,K32,L40,K32,1,-1,-1.35678999798512,-1.32198140729776,.504235086271697,-2.39045721866879,.319982934698545,-.67936622,-2.195775164,-1.195228609,-1.318760947,-1.328422328,-1.318760947,2.195775164,-2.589995084,1.906925178,-2.390457219,.319982935
FS019,male,31,85,scientific staff,135,L,54, ,L40,WC-L,WC-L,WC-L,-1,-1,-.958380461540319,-2.64396281459553,-.213931386689746,-1.79284291400159,-1.59991467349273,-.67936622,-2.195775164,0,-2.637521894,-2.656844657,-2.637521894,-.731925055,-.863331695,.953462589,-1.792842914,-1.599914673
FS019,male,31,85,scientific staff,135,L,54, ,L11,Elevator,L11,Elevator,1,-1,-.216724379630613,1.10218791616583,-.635641726163728,1.19522860933439,0,.67936622,-.731925055,-.597614305,1.318760947,1.328422328,.659380473,0,0,-1.906925178,1.195228609,0
FS019,male,31,85,scientific staff,135,L,54, ,L11,K32,K32,L11,-1,1,.878570988709156,1.32198140729776,.270215575862297,.597614304667197,1.91989760819127,2.038098661,0,.597614305,1.318760947,1.328422328,1.318760947,2.195775164,-.431665847,-.953462589,.597614305,1.919897608
FS019,male,31,85,scientific staff,135,L,54, ,L11,WC-L,L11, ,1, ,1.27698052515395,0,-.447950897099146,1.19522860933439,0,2.038098661,0,1.792842914,0,0,0,-.731925055,1.294997542,-1.906925178,1.195228609,0
FS019,male,31,85,scientific staff,135,L,54, ,Elevator,K32,K32,Elevator,-1,1,1.09529536833977,.219793491131929,.905857302026026,-.597614304667197,1.91989760819127,1.358732441,.731925055,1.195228609,0,0,.659380473,2.195775164,-.431665847,.953462589,-.597614305,1.919897608
FS019,male,31,85,scientific staff,135,L,54, ,Elevator,WC-L,WC-L,Elevator,-1,1,1.49370490478457,-1.10218791616583,.187690829064582,0,0,1.358732441,.731925055,2.390457219,-1.318760947,-1.328422328,-.659380473,-.731925055,1.294997542,0,0,0
FS019,male,31,85,scientific staff,135,L,54, ,K32,WC-L,K32,WC-L,1,-1,.398409536444798,-1.32198140729776,-.718166472961443,.597614304667197,-1.91989760819127,0,0,1.195228609,-1.318760947,-1.328422328,-1.318760947,-2.927700219,1.726663389,-.953462589,.597614305,-1.919897608
FS020,male,44,82,scientific staff,31,J,70, ,WC-J,J41,WC-J,WC-J,1,1,2.28841118023702,1.09718098670904,2.45876407862371,2.44948974278318,2.39045721866879,2.5,2.339754807,2.025478734,1.090008629,1.346135408,.855398923,2.243559013,2.589995084,2.542738139,2.449489743,2.390457219
FS020,male,44,82,scientific staff,31,J,70, ,WC-J,Elevator,Elevator,Elevator,-1,-1,.322650320436249,-.765942280931996,.900322925004624,1.46969384566991,2.39045721866879,.5,.467950961,0,-.545004315,-.897423605,-.855398923,.897423605,1.294997542,.508547628,1.469693846,2.390457219
FS020,male,44,82,scientific staff,31,J,70, ,WC-J,L11,L11,WC-J,-1,1,.491440214950194,-1.23274336006629,.287777231534477,1.46969384566991,1.19522860933439,.5,.467950961,.506369684,-1.090008629,-.897423605,-1.710797846,0,.863331695,0,1.469693846,1.195228609
FS020,male,44,82,scientific staff,31,J,70, ,WC-J,WC-K,WC-J,WC-J,1,1,.166666666666667,-.662477411554085,.143888615767239,.489897948556636,2.39045721866879,.5,0,0,-1.090008629,-.897423605,0,0,.431665847,0,.489897949,2.390457219
FS020,male,44,82,scientific staff,31,J,70, ,WC-J,H79,H79,WC-J,-1,1,1.96576085980077,.947610385810186,1.65675723424201,2.44948974278318,2.39045721866879,2,1.871803845,2.025478734,1.090008629,.897423605,.855398923,1.794847211,2.158329237,1.017095255,2.449489743,2.390457219
FS020,male,44,82,scientific staff,31,J,70, ,J41,Elevator,Elevator,Elevator,-1,-1,-1.96576085980077,-1.86312326764103,-1.55844115361908,-.979795897113271,0,-2,-1.871803845,-2.025478734,-1.635012944,-2.243559013,-1.710797846,-1.346135408,-1.294997542,-2.034190511,-.979795897,0
FS020,male,44,82,scientific staff,31,J,70, ,J41,L11,L11,L11,-1,-1,-1.79697096528683,-2.32992434677532,-2.17098684708923,-.979795897113271,-1.19522860933439,-2,-1.871803845,-1.519109051,-2.180017259,-2.243559013,-2.566196768,-2.243559013,-1.726663389,-2.542738139,-.979795897,-1.195228609
FS020,male,44,82,scientific staff,31,J,70, ,J41,WC-K,WC-K,WC-K,-1,-1,-2.12174451357036,-1.75965839826312,-2.31487546285647,-1.95959179422654,0,-2,-2.339754807,-2.025478734,-2.180017259,-2.243559013,-.855398923,-2.243559013,-2.158329237,-2.542738139,-1.959591794,0
FS020,male,44,82,scientific staff,31,J,70, ,J41,H79,H79,H79,-1,-1,-.322650320436249,-.149570600898853,-.802006844381699,0,0,-.5,-.467950961,0,0,-.448711803,0,-.448711803,-.431665847,-1.525642883,0,0
FS020,male,44,82,scientific staff,31,J,70, ,Elevator,L11,Elevator,Elevator,1,1,.168789894513944,-.46680107913429,-.612545693470146,0,-1.19522860933439,0,0,.506369684,-.545004315,0,-.855398923,-.897423605,-.431665847,-.508547628,0,-1.195228609
FS020,male,44,82,scientific staff,31,J,70, ,Elevator,WC-K,Elevator,Elevator,1,1,-.155983653769583,.103464869377911,-.756434309237385,-.979795897113271,0,0,-.467950961,0,-.545004315,0,.855398923,-.897423605,-.863331695,-.508547628,-.979795897,0
FS020,male,44,82,scientific staff,31,J,70, ,Elevator,H79,Elevator,Elevator,1,1,1.64311053936453,1.71355266674218,.756434309237385,.979795897113271,0,1.5,1.403852884,2.025478734,1.635012944,1.794847211,1.710797846,.897423605,.863331695,.508547628,.979795897,0
FS020,male,44,82,scientific staff,31,J,70, ,L11,WC-K,L11,WC-K,1,-1,-.324773548283527,.570265948512201,-.143888615767239,-.979795897113271,1.19522860933439,0,-.467950961,-.506369684,0,0,1.710797846,0,-.431665847,0,-.979795897,1.195228609
FS020,male,44,82,scientific staff,31,J,70, ,L11,H79,L11,L11,1,1,1.47432064485058,2.18035374587647,1.36898000270753,.979795897113271,1.19522860933439,1.5,1.403852884,1.519109051,2.180017259,1.794847211,2.566196768,1.794847211,1.294997542,1.017095255,.979795897,1.195228609
FS020,male,44,82,scientific staff,31,J,70, ,WC-K,H79,H79,WC-K,-1,1,1.79909419313411,1.61008779736427,1.51286861847477,1.95959179422654,0,1.5,1.871803845,2.025478734,2.180017259,1.794847211,.855398923,1.794847211,1.726663389,1.017095255,1.959591794,0
FS021,female,30,75,scientific staff,44,J,74, ,WC-L,L40,WC-L,WC-L,1,1,1.224093333,2.06124,1.71881,2.17643,2.25706,1.61126,1.54576,.51526,2.21403,1.77704,2.19265,1.74175,1.7108,1.70388,2.17643,2.25706
FS021,female,30,75,scientific staff,44,J,74, ,WC-L,J41,WC-L,WC-L,1,1,.186303333,.736613333,1.521073333,2.17643,2.25706,1.07417,.51525,-1.03051,0,1.33278,.87706,.58058,1.7108,2.27184,2.17643,2.25706
FS021,female,30,75,scientific staff,44,J,74, ,WC-L,K32,WC-L,K32,1,-1,-1.037783333,-.44187,-.336096667,.36274,2.25706,-.53708,-1.03051,-1.54576,-.44281,-.44427,-.43853,-.58059,-.4277,0,.36274,2.25706
FS021,female,30,75,scientific staff,44,J,74, ,WC-L,L11,L11,WC-L,-1,1,-.687006667,-.294266667,-.529623333,1.81369,.75235,0,-.51526,-1.54576,0,-.44427,-.43853,-1.16117,-.4277,0,1.81369,.75235
FS021,female,30,75,scientific staff,44,J,74, ,WC-L,H38,H38,WC-L,-1,1,-1.388563333,-.149516667,.663773333,2.17643,2.25706,-1.07417,-1.03051,-2.06101,-.44281,-.44427,.43853,0,.8554,1.13592,2.17643,2.25706
FS021,female,30,75,scientific staff,44,J,74, ,L40,J41,L40, ,1, ,-1.03779,-1.324626667,-.197736667,0,0,-.53709,-1.03051,-1.54577,-2.21403,-.44426,-1.31559,-1.16117,0,.56796,0,0
FS021,female,30,75,scientific staff,44,J,74, ,L40,K32,L40,K32,1,-1,-2.261876667,-2.50311,-2.054906667,-1.81369,0,-2.14834,-2.57627,-2.06102,-2.65684,-2.22131,-2.63118,-2.32234,-2.1385,-1.70388,-1.81369,0
FS021,female,30,75,scientific staff,44,J,74, ,L40,L11,L11,L11,-1,-1,-1.9111,-2.355506667,-2.248433333,-.36274,-1.50471,-1.61126,-2.06102,-2.06102,-2.21403,-2.22131,-2.63118,-2.90292,-2.1385,-1.70388,-.36274,-1.50471
FS021,female,30,75,scientific staff,44,J,74, ,L40,H38,H38,H38,-1,-1,-2.612656667,-2.210756667,-1.055036667,0,0,-2.68543,-2.57627,-2.57627,-2.65684,-2.22131,-1.75412,-1.74175,-.8554,-.56796,0,0
FS021,female,30,75,scientific staff,44,J,74, ,J41,K32,K32,K32,-1,-1,-1.224086667,-1.178483333,-1.85717,-1.81369,0,-1.61125,-1.54576,-.51525,-.44281,-1.77705,-1.31559,-1.16117,-2.1385,-2.27184,-1.81369,0
FS021,female,30,75,scientific staff,44,J,74, ,J41,L11,L11,L11,-1,-1,-.87331,-1.03088,-2.050696667,-.36274,-1.50471,-1.07417,-1.03051,-.51525,0,-1.77705,-1.31559,-1.74175,-2.1385,-2.27184,-.36274,-1.50471
FS021,female,30,75,scientific staff,44,J,74, ,J41,H38,H38,H38,-1,-1,-1.574866667,-.88613,-.8573,0,0,-2.14834,-1.54576,-1.0305,-.44281,-1.77705,-.43853,-.58058,-.8554,-1.13592,0,0
FS021,female,30,75,scientific staff,44,J,74, ,K32,L11,L11,K32,-1,1,.350776667,.147603333,-.193526667,1.45095,-1.50471,.53708,.51525,0,.44281,0,0,-.58058,0,0,1.45095,-1.50471
FS021,female,30,75,scientific staff,44,J,74, ,K32,H38,H38,H38,-1,-1,-.35078,.292353333,.99987,1.81369,0,-.53709,0,-.51525,0,0,.87706,.58059,1.2831,1.13592,1.81369,0
FS021,female,30,75,scientific staff,44,J,74, ,L11,H38,L11,H38,1,-1,-.701556667,.14475,1.193396667,.36274,1.50471,-1.07417,-.51525,-.51525,-.44281,0,.87706,1.16117,1.2831,1.13592,.36274,1.50471
FS022,female,33,80,scientific staff,27,L,64, ,H79,K13,H79,H79,1,1,-1.00517,-.47866,0,-1.7108,0,-1.14208,-.545,-1.32843,-.8554,0,-.58058, ,0, ,-1.7108,0
FS022,female,33,80,scientific staff,27,L,64, ,H79,L40,H79,H79,1,1,-.823503333,-.763793333,1.22474,-.8554,-.31998,-1.14208,0,-1.32843,-1.7108,0,-.58058, ,1.22474, ,-.8554,-.31998
FS022,female,33,80,scientific staff,27,L,64, ,H79,L11,L11,H79,-1,1,-1.56753,-1.414373333,-1.22475,-1.7108,-1.9199,-2.28416,-1.09,-1.32843,-1.7108,-.79057,-1.74175, ,-1.22475, ,-1.7108,-1.9199
FS022,female,33,80,scientific staff,27,L,64, ,H79,Elevator,Elevator,Elevator,-1,-1,-2.183326667,-2.420083333,-1.22475,-2.5662,-1.9199,-1.71312,-2.18001,-2.65685,-2.5662,-2.37171,-2.32234, ,-1.22475, ,-2.5662,-1.9199
FS022,female,33,80,scientific staff,27,L,64, ,H79,K32,K32,H79,-1,1,-2.56402,-2.15656,-1.22475,-2.5662,-1.9199,-2.8552,-2.18001,-2.65685,-2.5662,-1.58114,-2.32234, ,-1.22475, ,-2.5662,-1.9199
FS022,female,33,80,scientific staff,27,L,64, ,K13,L40,K13,K13,1,1,.181666667,-.285133333,1.22474,.8554,-.31998,0,.545,0,-.8554,0,0, ,1.22474, ,.8554,-.31998
FS022,female,33,80,scientific staff,27,L,64, ,K13,L11,L11,L11, ,-1,-.56236,-.935713333,-1.22475,0,-1.9199,-1.14208,-.545,0,-.8554,-.79057,-1.16117, ,-1.22475, ,0,-1.9199
FS022,female,33,80,scientific staff,27,L,64, ,K13,Elevator,Elevator,Elevator,-1,-1,-1.178156667,-1.941423333,-1.22475,-.8554,-1.9199,-.57104,-1.63501,-1.32842,-1.7108,-2.37171,-1.74176, ,-1.22475, ,-.8554,-1.9199
FS022,female,33,80,scientific staff,27,L,64, ,K13,K32,K32,K32, ,-1,-1.55885,-1.6779,-1.22475,-.8554,-1.9199,-1.71312,-1.63501,-1.32842,-1.7108,-1.58114,-1.74176, ,-1.22475, ,-.8554,-1.9199
FS022,female,33,80,scientific staff,27,L,64, ,L40,L11,L11,L11,-1,-1,-.744026667,-.65058,-2.44949,-.8554,-1.59992,-1.14208,-1.09,0,0,-.79057,-1.16117, ,-2.44949, ,-.8554,-1.59992
FS022,female,33,80,scientific staff,27,L,64, ,L40,Elevator,Elevator,Elevator,-1,-1,-1.359823333,-1.65629,-2.44949,-1.7108,-1.59992,-.57104,-2.18001,-1.32842,-.8554,-2.37171,-1.74176, ,-2.44949, ,-1.7108,-1.59992
FS022,female,33,80,scientific staff,27,L,64, ,L40,K32,K32,K32,-1,-1,-1.740516667,-1.392766667,-2.44949,-1.7108,-1.59992,-1.71312,-2.18001,-1.32842,-.8554,-1.58114,-1.74176, ,-2.44949, ,-1.7108,-1.59992
FS022,female,33,80,scientific staff,27,L,64, ,L11,Elevator,Elevator,Elevator,-1,-1,-.615796667,-1.00571,0,-.8554,0,.57104,-1.09001,-1.32842,-.8554,-1.58114,-.58059, ,0, ,-.8554,0
FS022,female,33,80,scientific staff,27,L,64, ,L11,K32,K32,K32, ,-1,-.99649,-.742186667,0,-.8554,0,-.57104,-1.09001,-1.32842,-.8554,-.79057,-.58059, ,0, ,-.8554,0
FS022,female,33,80,scientific staff,27,L,64, ,Elevator,K32,Elevator,Elevator,1,1,-.380693333,.263523333,0,0,0,-1.14208,0,0,0,.79057,0, ,0, ,0,0
FS023,female,31,77,scientific staff,50,J,84, ,WC-L,L40,WC-L,WC-L,1,1,2.201926667,1.209546667,-.266016667,2.24356,2.04124,2.25706,2.15295,2.19577,1.19522,.48224,1.95118,1.65144,-2.44949,0,2.24356,2.04124
FS023,female,31,77,scientific staff,50,J,84, ,WC-L,J41,WC-L,WC-L,1,1,2.201926667,1.768706667,.559706667,2.24356,2.44949,2.25706,2.15295,2.19577,2.39045,.96449,1.95118,1.65144,-2.44949,2.47717,2.24356,2.44949
FS023,female,31,77,scientific staff,50,J,84, ,WC-L,L11,L11,WC-L,-1,1,.736353333,-.352166667,-1.09174,.44871,.81649,.75235,.35883,1.09788,0,-1.44673,.39023,-.82573,-2.44949,0,.44871,.81649
FS023,female,31,77,scientific staff,50,J,84, ,WC-L,H38, ,WC-L, ,1,.366986667,-.612323333,-.678876667,1.34613,2.44949,.37617,.35883,.36596,0,-1.44673,-.39024,.41286,-2.44949,0,1.34613,2.44949
FS023,female,31,77,scientific staff,50,J,84, ,WC-L,H79, ,WC-L, ,1,1.956926667,.390236667,-.128396667,2.24356,2.04124,1.88088,1.79413,2.19577,0,0,1.17071,1.23858,-2.44949,.82572,2.24356,2.04124
FS023,female,31,77,scientific staff,50,J,84, ,L40,J41,L40, ,1, ,0,.55916,.825723333,0,.40825,0,0,0,1.19523,.48225,0,0,0,2.47717,0,.40825
FS023,female,31,77,scientific staff,50,J,84, ,L40,L11,L11,L11,-1,-1,-1.465573333,-1.561713333,-.825723333,-1.79485,-1.22475,-1.50471,-1.79412,-1.09789,-1.19522,-1.92897,-1.56095,-2.47717,0,0,-1.79485,-1.22475
FS023,female,31,77,scientific staff,50,J,84, ,L40,H38,H38,H38,-1,-1,-1.83494,-1.82187,-.41286,-.89743,.40825,-1.88089,-1.79412,-1.82981,-1.19522,-1.92897,-2.34142,-1.23858,0,0,-.89743,.40825
FS023,female,31,77,scientific staff,50,J,84, ,L40,H79,H79,H79, ,-1,-.245,-.81931,.13762,0,0,-.37618,-.35882,0,-1.19522,-.48224,-.78047,-.41286,0,.82572,0,0
FS023,female,31,77,scientific staff,50,J,84, ,J41,L11,L11,L11,-1,-1,-1.465573333,-2.120873333,-1.651446667,-1.79485,-1.633,-1.50471,-1.79412,-1.09789,-2.39045,-2.41122,-1.56095,-2.47717,0,-2.47717,-1.79485,-1.633
FS023,female,31,77,scientific staff,50,J,84, ,J41,H38,H38,H38,-1,-1,-1.83494,-2.38103,-1.238583333,-.89743,0,-1.88089,-1.79412,-1.82981,-2.39045,-2.41122,-2.34142,-1.23858,0,-2.47717,-.89743,0
FS023,female,31,77,scientific staff,50,J,84, ,J41,H79,H79,H79, ,-1,-.245,-1.37847,-.688103333,0,-.40825,-.37618,-.35882,0,-2.39045,-.96449,-.78047,-.41286,0,-1.65145,0,-.40825
FS023,female,31,77,scientific staff,50,J,84, ,L11,H38,L11,H38,1,-1,-.369366667,-.260156667,.412863333,.89742,1.633,-.37618,0,-.73192,0,0,-.78047,1.23859,0,0,.89742,1.633
FS023,female,31,77,scientific staff,50,J,84, ,L11,H79,L11,H79,1,-1,1.220573333,.742403333,.963343333,1.79485,1.22475,1.12853,1.4353,1.09789,0,1.44673,.78048,2.06431,0,.82572,1.79485,1.22475
FS023,female,31,77,scientific staff,50,J,84, ,H38,H79,H38,H38,1,1,1.58994,1.00256,.55048,.89743,-.40825,1.50471,1.4353,1.82981,0,1.44673,1.56095,.82572,0,.82572,.89743,-.40825
FS024,male,31,74,scientific staff,125,K,64, ,H38,K32,H38,H38,1,1,2.21824,1.619316667,-.90582,-1.79284,0,2.33975,2.32234,1.99263,1.32842,1.59787,1.93166,0,-2.71746,0,-1.79284,0
FS024,male,31,74,scientific staff,125,K,64, ,H38,L11,L11,L11,-1,-1,1.712743333,-.35456,-1.564976667,-1.79284,-.82572,1.40385,1.74175,1.99263,-.66421,-.39947,0,-1.32842,-2.03809,-1.32842,-1.79284,-.82572
FS024,male,31,74,scientific staff,125,K,64, ,H38,WC-K,WC-K,WC-K,-1,-1,.193526667,.82914,-1.112066667,-2.39046,-2.47717,0,.58058,0,1.32842,0,1.159,-1.32842,-.67936,-1.32842,-2.39046,-2.47717
FS024,male,31,74,scientific staff,125,K,64, ,H38,J10,J10,H38,-1,1,.570913333,-.092626667,-.0101,-1.19523,0,.46795,.58058,.66421,-.66421,0,.38633,1.32843,-1.35873,0,-1.19523,0
FS024,male,31,74,scientific staff,125,K,64, ,H38,H79,H38,H38,1,1,2.062256667,1.881253333,.216356667,0,0,1.8718,2.32234,1.99263,1.32842,1.99734,2.318,0,-.67936,1.32843,0,0
FS024,male,31,74,scientific staff,125,K,64, ,K32,L11,L11,L11,-1,-1,-.505496667,-1.973876667,-.659156667,0,-.82572,-.9359,-.58059,0,-1.99263,-1.99734,-1.93166,-1.32842,.67937,-1.32842,0,-.82572
FS024,male,31,74,scientific staff,125,K,64, ,K32,WC-K,WC-K,WC-K,-1,-1,-2.024713333,-.790176667,-.206246667,-.59762,-2.47717,-2.33975,-1.74176,-1.99263,0,-1.59787,-.77266,-1.32842,2.0381,-1.32842,-.59762,-2.47717
FS024,male,31,74,scientific staff,125,K,64, ,K32,J10,K32,J10,1,-1,-1.647326667,-1.711943333,.89572,.59761,0,-1.8718,-1.74176,-1.32842,-1.99263,-1.59787,-1.54533,1.32843,1.35873,0,.59761,0
FS024,male,31,74,scientific staff,125,K,64, ,K32,H79,K32,H79,1,-1,-.155983333,.261936667,1.122176667,1.79284,0,-.46795,0,0,0,.39947,.38634,0,2.0381,1.32843,1.79284,0
FS024,male,31,74,scientific staff,125,K,64, ,L11,WC-K,L11,L11,1,1,-1.519216667,1.1837,.45291,-.59762,-1.65145,-1.40385,-1.16117,-1.99263,1.99263,.39947,1.159,0,1.35873,0,-.59762,-1.65145
FS024,male,31,74,scientific staff,125,K,64, ,L11,J10,L11,L11,1,1,-1.14183,.261933333,1.554876667,.59761,.82572,-.9359,-1.16117,-1.32842,0,.39947,.38633,2.65685,.67936,1.32842,.59761,.82572
FS024,male,31,74,scientific staff,125,K,64, ,L11,H79,L11,L11,1,1,.349513333,2.235813333,1.781333333,1.79284,.82572,.46795,.58059,0,1.99263,2.39681,2.318,1.32842,1.35873,2.65685,1.79284,.82572
FS024,male,31,74,scientific staff,125,K,64, ,WC-K,J10,WC-K,WC-K,1,1,.377386667,-.921766667,1.101966667,1.19523,2.47717,.46795,0,.66421,-1.99263,0,-.77267,2.65685,-.67937,1.32842,1.19523,2.47717
FS024,male,31,74,scientific staff,125,K,64, ,WC-K,H79,WC-K,WC-K,1,1,1.86873,1.052113333,1.328423333,2.39046,2.47717,1.8718,1.74176,1.99263,0,1.99734,1.159,1.32842,0,2.65685,2.39046,2.47717
FS024,male,31,74,scientific staff,125,K,64, ,J10,H79,J10,J10,1,1,1.491343333,1.97388,.226456667,1.19523,0,1.40385,1.74176,1.32842,1.99263,1.99734,1.93167,-1.32843,.67937,1.32843,1.19523,0
FS025,male,35,46,scientific staff,42,J,80, ,L11,L40,L11, ,1, ,.950133333,1.969816667,2.266076667,.46126,1.77705,.8554,.96449,1.03051,2.28416,1.6657,1.95959,2.2213,2.54274,2.03419,.46126,1.77705
FS025,male,35,46,scientific staff,42,J,80, ,L11,K13,L11,K13,1,-1,0,-.13881,.169516667,-.92253,1.33279,0,0,0,0,-.41643,0,0,.50855,0,-.92253,1.33279
FS025,male,35,46,scientific staff,42,J,80, ,L11,J10,L11,J10,1,-1,.13156,.277616667,.995663333,0,1.33279,.4277,.48224,-.51526,0,.83285,0,.44426,1.52564,1.01709,0,1.33279
FS025,male,35,46,scientific staff,42,J,80, ,L11,WC-J,WC-J,WC-J,-1,-1,-1.56776,-.631266667,-.14809,-1.84506,-.88852,-1.71079,-1.44673,-1.54576,-.57104,-.83286,-.4899,-.44427,.50855,-.50855,-1.84506,-.88852
FS025,male,35,46,scientific staff,42,J,80, ,L11,Elevator,Elevator,Elevator,-1,-1,-1.425196667,-.413873333,-.317606667,-1.84506,.88853,-1.2831,-1.44673,-1.54576,.57104,-.83286,-.9798,-.44427,0,-.50855,-1.84506,.88853
FS025,male,35,46,scientific staff,42,J,80, ,L40,K13,K13,K13,-1,-1,-.950133333,-2.108626667,-2.09656,-1.38379,-.44426,-.8554,-.96449,-1.03051,-2.28416,-2.08213,-1.95959,-2.2213,-2.03419,-2.03419,-1.38379,-.44426
FS025,male,35,46,scientific staff,42,J,80, ,L40,J10,J10,J10,-1,-1,-.818573333,-1.6922,-1.270413333,-.46126,-.44426,-.4277,-.48225,-1.54577,-2.28416,-.83285,-1.95959,-1.77704,-1.0171,-1.0171,-.46126,-.44426
FS025,male,35,46,scientific staff,42,J,80, ,L40,WC-J,WC-J,WC-J,-1,-1,-2.517893333,-2.601083333,-2.414166667,-2.30632,-2.66557,-2.56619,-2.41122,-2.57627,-2.8552,-2.49856,-2.44949,-2.66557,-2.03419,-2.54274,-2.30632,-2.66557
FS025,male,35,46,scientific staff,42,J,80, ,L40,Elevator,L40,Elevator,1,-1,-2.37533,-2.38369,-2.583683333,-2.30632,-.88852,-2.1385,-2.41122,-2.57627,-1.71312,-2.49856,-2.93939,-2.66557,-2.54274,-2.54274,-2.30632,-.88852
FS025,male,35,46,scientific staff,42,J,80, ,K13,J10,K13,K13,1,1,.13156,.416426667,.826146667,.92253,0,.4277,.48224,-.51526,0,1.24928,0,.44426,1.01709,1.01709,.92253,0
FS025,male,35,46,scientific staff,42,J,80, ,K13,WC-J,WC-J,WC-J,-1,-1,-1.56776,-.492456667,-.317606667,-.92253,-2.22131,-1.71079,-1.44673,-1.54576,-.57104,-.41643,-.4899,-.44427,0,-.50855,-.92253,-2.22131
FS025,male,35,46,scientific staff,42,J,80, ,K13,Elevator,Elevator,Elevator,-1,-1,-1.425196667,-.275063333,-.487123333,-.92253,-.44426,-1.2831,-1.44673,-1.54576,.57104,-.41643,-.9798,-.44427,-.50855,-.50855,-.92253,-.44426
FS025,male,35,46,scientific staff,42,J,80, ,J10,WC-J,WC-J,WC-J,-1,-1,-1.69932,-.908883333,-1.143753333,-1.84506,-2.22131,-2.13849,-1.92897,-1.0305,-.57104,-1.66571,-.4899,-.88853,-1.01709,-1.52564,-1.84506,-2.22131
FS025,male,35,46,scientific staff,42,J,80, ,J10,Elevator,Elevator,Elevator,-1,-1,-1.556756667,-.69149,-1.31327,-1.84506,-.44426,-1.7108,-1.92897,-1.0305,.57104,-1.66571,-.9798,-.88853,-1.52564,-1.52564,-1.84506,-.44426
FS025,male,35,46,scientific staff,42,J,80, ,WC-J,Elevator,Elevator,Elevator,-1,-1,.142563333,.217393333,-.169516667,0,1.77705,.42769,0,0,1.14208,0,-.4899,0,-.50855,0,0,1.77705
FS026,female,28,79,scientific staff,45,L,90, ,H79,WC-K,H79,WC-K,1,-1,-2.094733333,-.718343333,-1.93649,-1.79413,0,-1.93649,-2.41122,-1.93649,-.82572,-.41643,-.91288,-1.93649,-1.93649, ,-1.79413,0
FS026,female,28,79,scientific staff,45,L,90, ,H79,K13,H79,K13,1,-1,-1.933983333,-.718343333,-.968245,-1.4353,0,-1.93649,-1.92897,-1.93649,-.82572,-.41643,-.91288,0,-1.93649, ,-1.4353,0
FS026,female,28,79,scientific staff,45,L,90, ,H79,L40, ,H79, ,1,0,1.700956667,0,.35882,-.33395,0,0,0,1.65145,2.08212,1.3693,0,0, ,.35882,-.33395
FS026,female,28,79,scientific staff,45,L,90, ,H79,L11, ,H79, ,1,-1.773236667,-.870486667,-1.93649,.35882,-2.00371,-1.93649,-1.44673,-1.93649,-.82572,-.41643,-1.36931,-1.93649,-1.93649, ,.35882,-2.00371
FS026,female,28,79,scientific staff,45,L,90, ,H79,WC-L,H79,WC-L,1,-1,-1.773236667,-.718343333,-.968245,-1.4353,-2.00371,-1.93649,-1.44673,-1.93649,-.82572,-.41643,-.91288,0,-1.93649, ,-1.4353,-2.00371
FS026,female,28,79,scientific staff,45,L,90, ,WC-K,K13,K13,WC-K,-1,1,.16075,0,.968245,.35883,0,0,.48225,0,0,0,0,1.93649,0, ,.35883,0
FS026,female,28,79,scientific staff,45,L,90, ,WC-K,L40,L40,WC-K,-1,1,2.094733333,2.4193,1.93649,2.15295,-.33395,1.93649,2.41122,1.93649,2.47717,2.49855,2.28218,1.93649,1.93649, ,2.15295,-.33395
FS026,female,28,79,scientific staff,45,L,90, ,WC-K,L11,L11,WC-K,-1,1,.321496667,-.152143333,0,2.15295,-2.00371,0,.96449,0,0,0,-.45643,0,0, ,2.15295,-2.00371
FS026,female,28,79,scientific staff,45,L,90, ,WC-K,WC-L,WC-L,WC-L,-1,-1,.321496667,0,.968245,.35883,-2.00371,0,.96449,0,0,0,0,1.93649,0, ,.35883,-2.00371
FS026,female,28,79,scientific staff,45,L,90, ,K13,L40,L40,K13,-1,1,1.933983333,2.4193,.968245,1.79412,-.33395,1.93649,1.92897,1.93649,2.47717,2.49855,2.28218,0,1.93649, ,1.79412,-.33395
FS026,female,28,79,scientific staff,45,L,90, ,K13,L11,L11,K13,-1,1,.160746667,-.152143333,-.968245,1.79412,-2.00371,0,.48224,0,0,0,-.45643,-1.93649,0, ,1.79412,-2.00371
FS026,female,28,79,scientific staff,45,L,90, ,K13,WC-L,K13,WC-L,1,-1,.160746667,0,0,0,-2.00371,0,.48224,0,0,0,0,0,0, ,0,-2.00371
FS026,female,28,79,scientific staff,45,L,90, ,L40,L11,L11,L40,-1,1,-1.773236667,-2.571443333,-1.93649,0,-1.66976,-1.93649,-1.44673,-1.93649,-2.47717,-2.49855,-2.73861,-1.93649,-1.93649, ,0,-1.66976
FS026,female,28,79,scientific staff,45,L,90, ,L40,WC-L,L40,WC-L,1,-1,-1.773236667,-2.4193,-.968245,-1.79412,-1.66976,-1.93649,-1.44673,-1.93649,-2.47717,-2.49855,-2.28218,0,-1.93649, ,-1.79412,-1.66976
FS026,female,28,79,scientific staff,45,L,90, ,L11,WC-L,L11,L11,1,1,0,.152143333,.968245,-1.79412,0,0,0,0,0,0,.45643,1.93649,0, ,-1.79412,0
FS027,male,29,76,scientific staff,24,L,90, ,K13,L11,L11,K13,-1,1,-.4781,-.308606667,-1.219686667,0,-1.81369,0,-.60858,-.82572,0,0,-.92582,-1.82574,-.60858,-1.22474,0,-1.81369
FS027,male,29,76,scientific staff,24,L,90, ,K13,H79,H79,H79,-1,-1,1.168913333,-.006213333,1.11826,1.46386,0,1.46386,1.21716,.82572,.44427,0,-.46291,.91287,1.21716,1.22475,1.46386,0
FS027,male,29,76,scientific staff,24,L,90, ,K13,L40,K13,K13,1,1,1.890986667,1.848843333,1.32112,2.19578,-.36274,2.19578,1.82574,1.65144,2.22131,1.93649,1.38873,.91287,1.82574,1.22475,2.19578,-.36274
FS027,male,29,76,scientific staff,24,L,90, ,K13,H38,H38,H38,-1,-1,.893673333,-.154303333,.81397,1.46386,0,1.46386,1.21716,0,0,0,-.46291,0,1.21716,1.22475,1.46386,0
FS027,male,29,76,scientific staff,24,L,90, ,K13,WC-L,K13,K13,1,1,1.890986667,1.700756667,.60858,2.19578,-2.17643,2.19578,1.82574,1.65144,1.77705,1.93649,1.38873,0,1.82574,0,2.19578,-2.17643
FS027,male,29,76,scientific staff,24,L,90, ,L11,H79,H79,H79,-1,-1,1.647013333,.302393333,2.337946667,1.46386,1.81369,1.46386,1.82574,1.65144,.44427,0,.46291,2.73861,1.82574,2.44949,1.46386,1.81369
FS027,male,29,76,scientific staff,24,L,90, ,L11,L40,L11,L11,1,1,2.369086667,2.15745,2.540806667,2.19578,1.45095,2.19578,2.43432,2.47716,2.22131,1.93649,2.31455,2.73861,2.43432,2.44949,2.19578,1.45095
FS027,male,29,76,scientific staff,24,L,90, ,L11,H38,H38,H38,-1,-1,1.371773333,.154303333,2.033656667,1.46386,1.81369,1.46386,1.82574,.82572,0,0,.46291,1.82574,1.82574,2.44949,1.46386,1.81369
FS027,male,29,76,scientific staff,24,L,90, ,L11,WC-L,L11,L11,1,1,2.369086667,2.009363333,1.828266667,2.19578,-.36274,2.19578,2.43432,2.47716,1.77705,1.93649,2.31455,1.82574,2.43432,1.22474,2.19578,-.36274
FS027,male,29,76,scientific staff,24,L,90, ,H79,L40,H79,H79,1,1,.722073333,1.855056667,.20286,.73192,-.36274,.73192,.60858,.82572,1.77704,1.93649,1.85164,0,.60858,0,.73192,-.36274
FS027,male,29,76,scientific staff,24,L,90, ,H79,H38,H79, ,1, ,-.27524,-.14809,-.30429,0,0,0,0,-.82572,-.44427,0,0,-.91287,0,0,0,0
FS027,male,29,76,scientific staff,24,L,90, ,H79,WC-L,H79,H79,1,1,.722073333,1.70697,-.50968,.73192,-2.17643,.73192,.60858,.82572,1.33278,1.93649,1.85164,-.91287,.60858,-1.22475,.73192,-2.17643
FS027,male,29,76,scientific staff,24,L,90, ,L40,H38,H38,H38,-1,-1,-.997313333,-2.003146667,-.50715,-.73192,.36274,-.73192,-.60858,-1.65144,-2.22131,-1.93649,-1.85164,-.91287,-.60858,0,-.73192,.36274
FS027,male,29,76,scientific staff,24,L,90, ,L40,WC-L,WC-L,WC-L,-1,-1,0,-.148086667,-.71254,0,-1.81369,0,0,0,-.44426,0,0,-.91287,0,-1.22475,0,-1.81369
FS027,male,29,76,scientific staff,24,L,90, ,H38,WC-L,H38,H38,1,1,.997313333,1.85506,-.20539,.73192,-2.17643,.73192,.60858,1.65144,1.77705,1.93649,1.85164,0,.60858,-1.22475,.73192,-2.17643
FS029,male,30,68,scientific staff,54,J,96, ,L40,WC-J,WC-J,WC-J,-1,-1,-2.17473,-.620293333,-.861626667,-1.63501,-2.55841,-1.58114,-2.53184,-2.41121,1.65144,-2.08213,-1.43019,-.95346,.545,-2.17642,-1.63501,-2.55841
FS029,male,30,68,scientific staff,54,J,96, ,L40,J10,J10,J10,-1,-1,-1.676406667,-.438903333,.862823333,-.545,-.4264,-1.58114,-1.51911,-1.92897,.82572,-1.6657,-.47673,.95346,1.63501,0,-.545,-.4264
FS029,male,30,68,scientific staff,54,J,96, ,L40,WC-H,WC-H,WC-H,-1,-1,-2.526093333,-1.902643333,-1.179446667,-2.72502,-.8528,-2.63523,-2.53184,-2.41121,-.82572,-2.49856,-2.38365,-1.90692,.545,-2.17642,-2.72502,-.8528
FS029,male,30,68,scientific staff,54,J,96, ,L40,L11,L11,L11,-1,-1,-1.17923,-.362776667,-.619803333,-.545,0,-1.05409,-1.51911,-.96449,1.65144,-.83285,-1.90692,-.95346,.545,-1.45095,-.545,0
FS029,male,30,68,scientific staff,54,J,96, ,L40,H38,H38,H38,-1,-1,-2.526093333,-1.627403333,.666516667,-.545,0,-2.63523,-2.53184,-2.41121,0,-2.49856,-2.38365,0,2.72502,-.72547,-.545,0
FS029,male,30,68,scientific staff,54,J,96, ,WC-J,J10,WC-J,WC-J,1,1,.498323333,.18139,1.72445,1.09001,2.13201,0,1.01273,.48224,-.82572,.41643,.95346,1.90692,1.09001,2.17642,1.09001,2.13201
FS029,male,30,68,scientific staff,54,J,96, ,WC-J,WC-H,WC-J,WC-J,1,1,-.351363333,-1.28235,-.31782,-1.09001,1.70561,-1.05409,0,0,-2.47716,-.41643,-.95346,-.95346,0,0,-1.09001,1.70561
FS029,male,30,68,scientific staff,54,J,96, ,WC-J,L11,L11,L11,-1,-1,.9955,.257516667,.241823333,1.09001,2.55841,.52705,1.01273,1.44672,0,1.24928,-.47673,0,0,.72547,1.09001,2.55841
FS029,male,30,68,scientific staff,54,J,96, ,WC-J,H38,H38,WC-J,-1,1,-.351363333,-1.00711,1.528143333,1.09001,2.55841,-1.05409,0,0,-1.65144,-.41643,-.95346,.95346,2.18002,1.45095,1.09001,2.55841
FS029,male,30,68,scientific staff,54,J,96, ,J10,WC-H,WC-H,WC-H,-1,-1,-.849686667,-1.46374,-2.04227,-2.18002,-.4264,-1.05409,-1.01273,-.48224,-1.65144,-.83286,-1.90692,-2.86038,-1.09001,-2.17642,-2.18002,-.4264
FS029,male,30,68,scientific staff,54,J,96, ,J10,L11,L11,L11,-1,-1,.497176667,.076126667,-1.482626667,0,.4264,.52705,0,.96448,.82572,.83285,-1.43019,-1.90692,-1.09001,-1.45095,0,.4264
FS029,male,30,68,scientific staff,54,J,96, ,J10,H38,H38,H38,-1,-1,-.849686667,-1.1885,-.196306667,0,.4264,-1.05409,-1.01273,-.48224,-.82572,-.83286,-1.90692,-.95346,1.09001,-.72547,0,.4264
FS029,male,30,68,scientific staff,54,J,96, ,WC-H,L11,WC-H,WC-H,1,1,1.346863333,1.539866667,.559643333,2.18002,.8528,1.58114,1.01273,1.44672,2.47716,1.66571,.47673,.95346,0,.72547,2.18002,.8528
FS029,male,30,68,scientific staff,54,J,96, ,WC-H,H38,H38,WC-H,-1,1,0,.27524,1.845963333,2.18002,.8528,0,0,0,.82572,0,0,1.90692,2.18002,1.45095,2.18002,.8528
FS029,male,30,68,scientific staff,54,J,96, ,L11,H38,H38,H38,-1,-1,-1.346863333,-1.264626667,1.28632,0,0,-1.58114,-1.01273,-1.44672,-1.65144,-1.66571,-.47673,.95346,2.18002,.72548,0,0
FS031,male,33,63,scientific staff,168,L,34, ,L11,L40,L11,L11,1,1,1.54415,.731926667,-.4277,0,2.08212,1.32842,1.42314,1.88089,2.19578,0,0,0,-.8554, ,0,2.08212
FS031,male,33,63,scientific staff,168,L,34, ,L11,H79,L11,L11,1,1,1.396546667,.660096667,0,0,2.49855,.88561,1.42314,1.88089,.73192,1.24837,0,0,0, ,0,2.49855
FS031,male,33,63,scientific staff,168,L,34, ,L11,H38,H38,H38,-1,-1,-.805386667,-1.24185,0,0,2.49855,-1.32843,-.71156,-.37617,0,-1.24838,-2.47717,0,0, ,0,2.49855
FS031,male,33,63,scientific staff,168,L,34, ,L11,K32,L11,K32,1,-1,-.140803333,-.23933,-1.283095,-2.44949,2.49855,-.44281,-.35578,.37618,.73192,-.62419,-.82572,0,-2.56619, ,-2.44949,2.49855
FS031,male,33,63,scientific staff,168,L,34, ,L11,H92,H92,L11,-1,1,1.271153333,1.14805,.797045,0,2.49855,.88561,1.42314,1.50471,2.19578,1.24837,0,2.44949,-.8554, ,0,2.49855
FS031,male,33,63,scientific staff,168,L,34, ,L40,H79,L40,H79,1,-1,-.147603333,-.07183,.4277,0,.41643,-.44281,0,0,-1.46386,1.24837,0,0,.8554, ,0,.41643
FS031,male,33,63,scientific staff,168,L,34, ,L40,H38,L40,H38,1,-1,-2.349536667,-1.973776667,.4277,0,.41643,-2.65685,-2.1347,-2.25706,-2.19578,-1.24838,-2.47717,0,.8554, ,0,.41643
FS031,male,33,63,scientific staff,168,L,34, ,L40,K32,L40,K32,1,-1,-1.684953333,-.971256667,-.855395,-2.44949,.41643,-1.77123,-1.77892,-1.50471,-1.46386,-.62419,-.82572,0,-1.71079, ,-2.44949,.41643
FS031,male,33,63,scientific staff,168,L,34, ,L40,H92,L40,H92,1,-1,-.272996667,.416123333,1.224745,0,.41643,-.44281,0,-.37618,0,1.24837,0,2.44949,0, ,0,.41643
FS031,male,33,63,scientific staff,168,L,34, ,H79,H38,H38,H38,-1,-1,-2.201933333,-1.901946667,0,0,0,-2.21404,-2.1347,-2.25706,-.73192,-2.49675,-2.47717,0,0, ,0,0
FS031,male,33,63,scientific staff,168,L,34, ,H79,K32,H79,K32,1,-1,-1.53735,-.899426667,-1.283095,-2.44949,0,-1.32842,-1.77892,-1.50471,0,-1.87256,-.82572,0,-2.56619, ,-2.44949,0
FS031,male,33,63,scientific staff,168,L,34, ,H79,H92,H79,H79,1,1,-.125393333,.487953333,.797045,0,0,0,0,-.37618,1.46386,0,0,2.44949,-.8554, ,0,0
FS031,male,33,63,scientific staff,168,L,34, ,H38,K32,H38,H38,1,1,.664583333,1.00252,-1.283095,-2.44949,0,.88562,.35578,.75235,.73192,.62419,1.65145,0,-2.56619, ,-2.44949,0
FS031,male,33,63,scientific staff,168,L,34, ,H38,H92,H38,H38,1,1,2.07654,2.3899,.797045,0,0,2.21404,2.1347,1.88088,2.19578,2.49675,2.47717,2.44949,-.8554, ,0,0
FS031,male,33,63,scientific staff,168,L,34, ,K32,H92,H92,K32,-1,1,1.411956667,1.38738,2.08014,2.44949,0,1.32842,1.77892,1.12853,1.46386,1.87256,.82572,2.44949,1.71079, ,2.44949,0
FS032,female,34,84,scientific staff,22,J,86, ,H38,WC-J,H38,H38,1,1,2.123216667,.154303333,-.80211,-2.10818,-2.47717,2.14834,2.22131,2,0,.46291,0,0,-.58059,-1.82574,-2.10818,-2.47717
FS032,female,34,84,scientific staff,22,J,86, ,H38,H92,H38,H38,1,1,1.796103333,1.050326667,-.19353,-.52704,0,1.61126,1.77705,2,.66421,.92582,1.56095,0,-.58059,0,-.52704,0
FS032,female,34,84,scientific staff,22,J,86, ,H38,L12,H38,H38,1,1,1.94419,-.505783333,-2.02819,-1.58114,0,1.61126,2.22131,2,-.66421,-.46291,-.39023,-1.93649,-2.32234,-1.82574,-1.58114,0
FS032,female,34,84,scientific staff,22,J,86, ,H38,L11,L11,H38,-1,1,.64187,-.790166667,-2.02819,-2.10818,-.82572,.53709,.88852,.5,-.66421,-.92582,-.78047,-1.93649,-2.32234,-1.82574,-2.10818,-.82572
FS032,female,34,84,scientific staff,22,J,86, ,H38,L40,H38,H38,1,1,2.617,1.80174,-.19353,0,0,2.68543,2.66557,2.5,1.99263,1.85164,1.56095,0,-.58059,0,0,0
FS032,female,34,84,scientific staff,22,J,86, ,WC-J,H92,H92,H92,-1,-1,-.327113333,.896023333,.60858,1.58114,2.47717,-.53708,-.44426,0,.66421,.46291,1.56095,0,0,1.82574,1.58114,2.47717
FS032,female,34,84,scientific staff,22,J,86, ,WC-J,L12,L12,L12,-1,-1,-.179026667,-.660086667,-1.22608,.52704,2.47717,-.53708,0,0,-.66421,-.92582,-.39023,-1.93649,-1.74175,0,.52704,2.47717
FS032,female,34,84,scientific staff,22,J,86, ,WC-J,L11,L11,L11,-1,-1,-1.481346667,-.94447,-1.22608,0,1.65145,-1.61125,-1.33279,-1.5,-.66421,-1.38873,-.78047,-1.93649,-1.74175,0,0,1.65145
FS032,female,34,84,scientific staff,22,J,86, ,WC-J,L40,L40,WC-J,-1,1,.493783333,1.647436667,.60858,2.10818,2.47717,.53709,.44426,.5,1.99263,1.38873,1.56095,0,0,1.82574,2.10818,2.47717
FS032,female,34,84,scientific staff,22,J,86, ,H92,L12,L12,H92,-1,1,.148086667,-1.55611,-1.83466,-1.0541,0,0,.44426,0,-1.32842,-1.38873,-1.95118,-1.93649,-1.74175,-1.82574,-1.0541,0
FS032,female,34,84,scientific staff,22,J,86, ,H92,L11,L11,H92,-1,1,-1.154233333,-1.840493333,-1.83466,-1.58114,-.82572,-1.07417,-.88853,-1.5,-1.32842,-1.85164,-2.34142,-1.93649,-1.74175,-1.82574,-1.58114,-.82572
FS032,female,34,84,scientific staff,22,J,86, ,H92,L40,H92,H92,1,1,.820896667,.751413333,0,.52704,0,1.07417,.88852,.5,1.32842,.92582,0,0,0,0,.52704,0
FS032,female,34,84,scientific staff,22,J,86, ,L12,L11,L11,L11,-1,-1,-1.30232,-.284383333,0,-.52704,-.82572,-1.07417,-1.33279,-1.5,0,-.46291,-.39024,0,0,0,-.52704,-.82572
FS032,female,34,84,scientific staff,22,J,86, ,L12,L40,L12,L12,1,1,.67281,2.307523333,1.83466,1.58114,0,1.07417,.44426,.5,2.65684,2.31455,1.95118,1.93649,1.74175,1.82574,1.58114,0
FS032,female,34,84,scientific staff,22,J,86, ,L11,L40,L11,L11,1,1,1.97513,2.591906667,1.83466,2.10818,.82572,2.14834,1.77705,2,2.65684,2.77746,2.34142,1.93649,1.74175,1.82574,2.10818,.82572
FS033,female,24,79,scientific staff,76,J,24, ,L11,J10,L11,J10,1,-1,-.604463333,-.63415,.285133333,.79682,1.77704,-.96825,-.42257,-.42257,-.53708,-.46795,-.89742,0,.8554,0,.79682,1.77704
FS033,female,24,79,scientific staff,76,J,24, ,L11,H79,H79,H79,-1,-1,1.1679,.29273,1.43337,-1.19522,2.2213,.96824,1.26773,1.26773,0,-.46795,1.34614,.91287,.8554,2.53184,-1.19522,2.2213
FS033,female,24,79,scientific staff,76,J,24, ,L11,H38,H38,H38,-1,-1,-.886183333,.288923333,1.212133333,0,2.66557,-.96825,-.84515,-.84515,-.53708,1.40385,0,.91287,1.7108,1.01273,0,2.66557
FS033,female,24,79,scientific staff,76,J,24, ,L11,K32,L11,K32,1,-1,.724813333,.61111,.30429,-1.59363,2.66557,.48412,.84516,.84516,0,.9359,.89743,.91287,0,0,-1.59363,2.66557
FS033,female,24,79,scientific staff,76,J,24, ,L11,J41,L11,L11,1,1,1.610993333,1.938333333,2.105846667,-1.59363,2.2213,1.45236,1.69031,1.69031,2.14835,1.8718,1.79485,2.73861,2.5662,1.01273,-1.59363,2.2213
FS033,female,24,79,scientific staff,76,J,24, ,J10,H79,H79,H79,-1,-1,1.772363333,.92688,1.148236667,-1.99204,.44426,1.93649,1.6903,1.6903,.53708,0,2.24356,.91287,0,2.53184,-1.99204,.44426
FS033,female,24,79,scientific staff,76,J,24, ,J10,H38,H38,H38,-1,-1,-.28172,.923073333,.927,-.79682,.88853,0,-.42258,-.42258,0,1.8718,.89742,.91287,.8554,1.01273,-.79682,.88853
FS033,female,24,79,scientific staff,76,J,24, ,J10,K32,J10,K32,1,-1,1.329276667,1.24526,.019156667,-2.39045,.88853,1.45237,1.26773,1.26773,.53708,1.40385,1.79485,.91287,-.8554,0,-2.39045,.88853
FS033,female,24,79,scientific staff,76,J,24, ,J10,J41,J10,J10,1,1,2.215456667,2.572483333,1.820713333,-2.39045,.44426,2.42061,2.11288,2.11288,2.68543,2.33975,2.69227,2.73861,1.7108,1.01273,-2.39045,.44426
FS033,female,24,79,scientific staff,76,J,24, ,H79,H38,H38,H38,-1,-1,-2.054083333,-.003806667,-.221236667,1.19522,.44427,-1.93649,-2.11288,-2.11288,-.53708,1.8718,-1.34614,0,.8554,-1.51911,1.19522,.44427
FS033,female,24,79,scientific staff,76,J,24, ,H79,K32,H79,K32,1,-1,-.443086667,.31838,-1.12908,-.39841,.44427,-.48412,-.42257,-.42257,0,1.40385,-.44871,0,-.8554,-2.53184,-.39841,.44427
FS033,female,24,79,scientific staff,76,J,24, ,H79,J41,H79,H79,1,1,.443093333,1.645603333,.672476667,-.39841,0,.48412,.42258,.42258,2.14835,2.33975,.44871,1.82574,1.7108,-1.51911,-.39841,0
FS033,female,24,79,scientific staff,76,J,24, ,H38,K32,H38,H38,1,1,1.610996667,.322186667,-.907843333,-1.59363,0,1.45237,1.69031,1.69031,.53708,-.46795,.89743,0,-1.7108,-1.01273,-1.59363,0
FS033,female,24,79,scientific staff,76,J,24, ,H38,J41,H38,H38,1,1,2.497176667,1.64941,.893713333,-1.59363,-.44427,2.42061,2.53546,2.53546,2.68543,.46795,1.79485,1.82574,.8554,0,-1.59363,-.44427
FS033,female,24,79,scientific staff,76,J,24, ,K32,J41,K32,K32,1,1,.88618,1.327223333,1.801556667,0,-.44427,.96824,.84515,.84515,2.14835,.9359,.89742,1.82574,2.5662,1.01273,0,-.44427
FS034,male,30,73,scientific staff,21,L,54, ,H38,K32,K32,H38,-1,1,-.681156667,-1.079586667,-2.081563333,-1.89434,-.35578,-1.09001,-.95346,0,-1.52564,0,-1.71312,-1.93649,-2.37171,-1.93649,-1.89434,-.35578
FS034,male,30,73,scientific staff,21,L,54, ,H38,WC-L,WC-L,H38,-1,1,-1.330216667,-2.017213333,-1.81804,-1.89434,-2.1347,-1.63501,-1.90692,-.44872,-2.54273,-1.22475,-2.28416,-1.93649,-1.58114,-1.93649,-1.89434,-2.1347
FS034,male,30,73,scientific staff,21,L,54, ,H38,Elevator,Elevator,Elevator,-1,-1,-1.29812,-2.017213333,-2.081563333,-1.51547,-2.1347,-1.09001,-1.90692,-.89743,-2.54273,-1.22475,-2.28416,-1.93649,-2.37171,-1.93649,-1.51547,-2.1347
FS034,male,30,73,scientific staff,21,L,54, ,H38,L11,H38,H38,1,1,-1.13921,-2.017213333,-2.081563333,-1.51547,-2.1347,-1.09001,-1.43019,-.89743,-2.54273,-1.22475,-2.28416,-1.93649,-2.37171,-1.93649,-1.51547,-2.1347
FS034,male,30,73,scientific staff,21,L,54, ,H38,L40,L40,L40,-1,-1,1.120526667,-.460163333,-.263523333,.37887,-.71156,1.09001,.47673,1.79484,-2.03419,1.22474,-.57104,0,-.79057,0,.37887,-.71156
FS034,male,30,73,scientific staff,21,L,54, ,K32,WC-L,K32,K32,1,1,-.64906,-.937626667,.263523333,0,-1.77892,-.545,-.95346,-.44872,-1.01709,-1.22475,-.57104,0,.79057,0,0,-1.77892
FS034,male,30,73,scientific staff,21,L,54, ,K32,Elevator,Elevator,Elevator,-1,-1,-.616963333,-.937626667,0,.37887,-1.77892,0,-.95346,-.89743,-1.01709,-1.22475,-.57104,0,0,0,.37887,-1.77892
FS034,male,30,73,scientific staff,21,L,54, ,K32,L11,L11,L11,-1,-1,-.458053333,-.937626667,0,.37887,-1.77892,0,-.47673,-.89743,-1.01709,-1.22475,-.57104,0,0,0,.37887,-1.77892
FS034,male,30,73,scientific staff,21,L,54, ,K32,L40,L40,L40,-1,-1,1.801683333,.619423333,1.81804,2.27321,-.35578,2.18002,1.43019,1.79484,-.50855,1.22474,1.14208,1.93649,1.58114,1.93649,2.27321,-.35578
FS034,male,30,73,scientific staff,21,L,54, ,WC-L,Elevator,Elevator,Elevator,-1,-1,.032096667,0,-.263523333,.37887,0,.545,0,-.44871,0,0,0,0,-.79057,0,.37887,0
FS034,male,30,73,scientific staff,21,L,54, ,WC-L,L11,WC-L,WC-L,1,1,.191006667,0,-.263523333,.37887,0,.545,.47673,-.44871,0,0,0,0,-.79057,0,.37887,0
FS034,male,30,73,scientific staff,21,L,54, ,WC-L,L40,WC-L,WC-L,1,1,2.450743333,1.55705,1.554516667,2.27321,1.42314,2.72502,2.38365,2.24356,.50854,2.44949,1.71312,1.93649,.79057,1.93649,2.27321,1.42314
FS034,male,30,73,scientific staff,21,L,54, ,Elevator,L11,Elevator,Elevator,1,1,.15891,0,0,0,0,0,.47673,0,0,0,0,0,0,0,0,0
FS034,male,30,73,scientific staff,21,L,54, ,Elevator,L40,Elevator,Elevator,1,1,2.418646667,1.55705,1.81804,1.89434,1.42314,2.18002,2.38365,2.69227,.50854,2.44949,1.71312,1.93649,1.58114,1.93649,1.89434,1.42314
FS034,male,30,73,scientific staff,21,L,54, ,L11,L40,L11,L11,1,1,2.259736667,1.55705,1.81804,1.89434,1.42314,2.18002,1.90692,2.69227,.50854,2.44949,1.71312,1.93649,1.58114,1.93649,1.89434,1.42314
FS009,male,30,88,scientific staff,18,L,80, ,Elevator,H38,Elevator,Elevator,1,1,-1.686433333,-.720063333,1.21652,.50855,1.9199,-1.16117,-1.83711,-2.06102,-.45643,-.50854,-1.19522,1.16117,1.63299,.8554,.50855,1.9199
FS009,male,30,88,scientific staff,18,L,80, ,Elevator,WC-L,Elevator,Elevator,1,1,-.17175,.075403333,.193526667,-.50855,0,0,0,-.51525,.91288,.50855,-1.19522,.58058,0,0,-.50855,0
FS009,male,30,88,scientific staff,18,L,80, ,Elevator,L11,Elevator,Elevator,1,1,.193526667,-.56792,.429436667,2.03419,0,.58058,0,0,0,-.50854,-1.19522,-1.16117,2.44948,0,2.03419,0
FS009,male,30,88,scientific staff,18,L,80, ,Elevator,L40,Elevator,Elevator,1,1,1.160583333,1.8372,1.98031,1.52564,1.9199,1.74175,1.22475,.51525,2.28218,2.03419,1.19523,1.74175,1.63299,2.56619,1.52564,1.9199
FS009,male,30,88,scientific staff,18,L,80, ,Elevator,J10,Elevator,Elevator,1,1,-.912906667,-.56792,1.02299,1.52564,1.59992,-.58059,-.61237,-1.54576,0,-.50854,-1.19522,.58058,1.63299,.8554,1.52564,1.59992
FS009,male,30,88,scientific staff,18,L,80, ,H38,WC-L,WC-L,H38,-1,1,1.514683333,.795466667,-1.022993333,-1.0171,-1.9199,1.16117,1.83711,1.54577,1.36931,1.01709,0,-.58059,-1.63299,-.8554,-1.0171,-1.9199
FS009,male,30,88,scientific staff,18,L,80, ,H38,L11,L11,H38,-1,1,1.87996,.152143333,-.787083333,1.52564,-1.9199,1.74175,1.83711,2.06102,.45643,0,0,-2.32234,.81649,-.8554,1.52564,-1.9199
FS009,male,30,88,scientific staff,18,L,80, ,H38,L40,H38,H38,1,1,2.847016667,2.557263333,.76379,1.01709,0,2.90292,3.06186,2.57627,2.73861,2.54273,2.39045,.58058,0,1.71079,1.01709,0
FS009,male,30,88,scientific staff,18,L,80, ,H38,J10,J10,H38,-1,1,.773526667,.152143333,-.19353,1.01709,-.31998,.58058,1.22474,.51526,.45643,0,0,-.58059,0,0,1.01709,-.31998
FS009,male,30,88,scientific staff,18,L,80, ,WC-L,L11,L11,WC-L,-1,1,.365276667,-.643323333,.23591,2.54274,0,.58058,0,.51525,-.91288,-1.01709,0,-1.74175,2.44948,0,2.54274,0
FS009,male,30,88,scientific staff,18,L,80, ,WC-L,L40,WC-L,WC-L,1,1,1.332333333,1.761796667,1.786783333,2.03419,1.9199,1.74175,1.22475,1.0305,1.3693,1.52564,2.39045,1.16117,1.63299,2.56619,2.03419,1.9199
FS009,male,30,88,scientific staff,18,L,80, ,WC-L,J10,WC-L,WC-L,1,1,-.741156667,-.643323333,.829463333,2.03419,1.59992,-.58059,-.61237,-1.03051,-.91288,-1.01709,0,0,1.63299,.8554,2.03419,1.59992
FS009,male,30,88,scientific staff,18,L,80, ,L11,L40,L11,L11,1,1,.967056667,2.40512,1.550873333,-.50855,1.9199,1.16117,1.22475,.51525,2.28218,2.54273,2.39045,2.90292,-.81649,2.56619,-.50855,1.9199
FS009,male,30,88,scientific staff,18,L,80, ,L11,J10,L11,L11,1,1,-1.106433333,0,.593553333,-.50855,1.59992,-1.16117,-.61237,-1.54576,0,0,0,1.74175,-.81649,.8554,-.50855,1.59992
FS009,male,30,88,scientific staff,18,L,80, ,L40,J10,J10,J10,-1,-1,-2.07349,-2.40512,-.95732,0,-.31998,-2.32234,-1.83712,-2.06101,-2.28218,-2.54273,-2.39045,-1.16117,0,-1.71079,0,-.31998
FS008,female,27,44,scientific staff,18,L,80, ,Elevator,WC-L,Elevator,Elevator,1,1,1.613313333,-1.46199,-.816496667,1.93649,0,0,2.44949,2.39045,0,-1.93649,-2.44948,-2.44949,0,0,1.93649,0
FS008,female,27,44,scientific staff,18,L,80, ,Elevator,K32,Elevator,K32,1,-1,1.85056,.816496667,.034563333,1.93649,1.82574,1.93649,1.22474,2.39045,2.44949,0,0,-1.22474,0,1.32843,1.93649,1.82574
FS008,female,27,44,scientific staff,18,L,80, ,Elevator,L11,L11,L11,-1,-1,2.25881,-1.189826667,-1.9048,0,0,1.93649,2.44949,2.39045,0,-1.93649,-1.63299,-2.44949,-1.93649,-1.32842,0,0
FS008,female,27,44,scientific staff,18,L,80, ,Elevator,L12,Elevator,L12,1,-1,1.613313333,-1.189826667,-1.9048,1.93649,1.82574,0,2.44949,2.39045,0,-1.93649,-1.63299,-2.44949,-1.93649,-1.32842,1.93649,1.82574
FS008,female,27,44,scientific staff,18,L,80, ,Elevator,K13,Elevator,Elevator,1,1,.806656667,-1.189826667,-.408246667,1.93649,1.82574,0,1.22474,1.19523,0,-1.93649,-1.63299,-1.22474,0,0,1.93649,1.82574
FS008,female,27,44,scientific staff,18,L,80, ,WC-L,K32,WC-L,K32,1,-1,.237246667,2.278486667,.85106,0,1.82574,1.93649,-1.22475,0,2.44949,1.93649,2.44948,1.22475,0,1.32843,0,1.82574
FS008,female,27,44,scientific staff,18,L,80, ,WC-L,L11,L11,L11,-1,-1,.645496667,.272163333,-1.088303333,-1.93649,0,1.93649,0,0,0,0,.81649,0,-1.93649,-1.32842,-1.93649,0
FS008,female,27,44,scientific staff,18,L,80, ,WC-L,L12,L12,L12,-1,-1,0,.272163333,-1.088303333,0,1.82574,0,0,0,0,0,.81649,0,-1.93649,-1.32842,0,1.82574
FS008,female,27,44,scientific staff,18,L,80, ,WC-L,K13,WC-L,K13,1,-1,-.806656667,.272163333,.40825,0,1.82574,0,-1.22475,-1.19522,0,0,.81649,1.22475,0,0,0,1.82574
FS008,female,27,44,scientific staff,18,L,80, ,K32,L11,L11,L11,-1,-1,.40825,-2.006323333,-1.939363333,-1.93649,-1.82574,0,1.22475,0,-2.44949,-1.93649,-1.63299,-1.22475,-1.93649,-2.65685,-1.93649,-1.82574
FS008,female,27,44,scientific staff,18,L,80, ,K32,L12,L12,L12,-1,-1,-.237246667,-2.006323333,-1.939363333,0,0,-1.93649,1.22475,0,-2.44949,-1.93649,-1.63299,-1.22475,-1.93649,-2.65685,0,0
FS008,female,27,44,scientific staff,18,L,80, ,K32,K13,K13,K32,-1,1,-1.043903333,-2.006323333,-.44281,0,0,-1.93649,0,-1.19522,-2.44949,-1.93649,-1.63299,0,0,-1.32843,0,0
FS008,female,27,44,scientific staff,18,L,80, ,L11,L12,L11,L11,1,1,-.645496667,0,0,1.93649,1.82574,-1.93649,0,0,0,0,0,0,0,0,1.93649,1.82574
FS008,female,27,44,scientific staff,18,L,80, ,L11,K13,L11,L11,1,1,-1.452153333,0,1.496553333,1.93649,1.82574,-1.93649,-1.22475,-1.19522,0,0,0,1.22475,1.93649,1.32842,1.93649,1.82574
FS008,female,27,44,scientific staff,18,L,80, ,L12,K13,L12,K13,1,-1,-.806656667,0,1.496553333,0,0,0,-1.22475,-1.19522,0,0,0,1.22475,1.93649,1.32842,0,0
FS035,male,28,73,scientific staff,56,L,64, ,H79,K13,K13,H79,-1,1,1.881976667,.63564,-1.389686667,-1.65144,0,2.06101,1.8718,1.71312,0,.95346,.95346,-2.17643,-1.99263,0,-1.65144,0
FS035,male,28,73,scientific staff,56,L,64, ,H79,L40, ,H79, ,1,2.40006,.95346,-.10996,-.82572,-.37887,2.57627,2.33975,2.28416,0,1.43019,1.43019,-1.45095,-1.32842,2.44949,-.82572,-.37887
FS035,male,28,73,scientific staff,56,L,64, ,H79,L11,L11,L11,-1,-1,.51808,-1.08531,-1.63151,-1.65144,-1.89434,.51525,.46795,.57104,-1.82574,-.95346,-.47673,-2.9019,-1.99263,0,-1.65144,-1.89434
FS035,male,28,73,scientific staff,56,L,64, ,H79,L12,L12,H79,-1,1,.499483333,-1.08531,-1.61109,0,-.37887,1.0305,.46795,0,-1.82574,-.47673,-.95346,-2.17643,-2.65684,0,0,-.37887
FS035,male,28,73,scientific staff,56,L,64, ,H79,WC-L,WC-L,WC-L,-1,-1,.17175,-1.24422,-1.61109,-2.47716,-2.27321,.51525,0,0,-1.82574,-.95346,-.95346,-2.17643,-2.65684,0,-2.47716,-2.27321
FS035,male,28,73,scientific staff,56,L,64, ,K13,L40,L40,K13,-1,1,.518083333,.31782,1.279726667,.82572,-.37887,.51526,.46795,.57104,0,.47673,.47673,.72548,.66421,2.44949,.82572,-.37887
FS035,male,28,73,scientific staff,56,L,64, ,K13,L11,L11,K13,-1,1,-1.363896667,-1.72095,-.241823333,0,-1.89434,-1.54576,-1.40385,-1.14208,-1.82574,-1.90692,-1.43019,-.72547,0,0,0,-1.89434
FS035,male,28,73,scientific staff,56,L,64, ,K13,L12,L12,L12,-1,-1,-1.382493333,-1.72095,-.221403333,1.65144,-.37887,-1.03051,-1.40385,-1.71312,-1.82574,-1.43019,-1.90692,0,-.66421,0,1.65144,-.37887
FS035,male,28,73,scientific staff,56,L,64, ,K13,WC-L,WC-L,WC-L,-1,-1,-1.710226667,-1.87986,-.221403333,-.82572,-2.27321,-1.54576,-1.8718,-1.71312,-1.82574,-1.90692,-1.90692,0,-.66421,0,-.82572,-2.27321
FS035,male,28,73,scientific staff,56,L,64, ,L40,L11,L11,L11,-1,-1,-1.88198,-2.03877,-1.52155,-.82572,-1.51547,-2.06102,-1.8718,-1.71312,-1.82574,-2.38365,-1.90692,-1.45095,-.66421,-2.44949,-.82572,-1.51547
FS035,male,28,73,scientific staff,56,L,64, ,L40,L12,L12,L12,-1,-1,-1.900576667,-2.03877,-1.50113,.82572,0,-1.54577,-1.8718,-2.28416,-1.82574,-1.90692,-2.38365,-.72548,-1.32842,-2.44949,.82572,0
FS035,male,28,73,scientific staff,56,L,64, ,L40,WC-L,WC-L,WC-L,-1,-1,-2.22831,-2.19768,-1.50113,-1.65144,-1.89434,-2.06102,-2.33975,-2.28416,-1.82574,-2.38365,-2.38365,-.72548,-1.32842,-2.44949,-1.65144,-1.89434
FS035,male,28,73,scientific staff,56,L,64, ,L11,L12, ,L11, ,1,-.018596667,-1.48E-16,.02042,1.65144,1.51547,.51525,0,-.57104,0,.47673,-.47673,.72547,-.66421,0,1.65144,1.51547
FS035,male,28,73,scientific staff,56,L,64, ,L11,WC-L,L11,WC-L,1,-1,-.34633,-.15891,.02042,-.82572,-.37887,0,-.46795,-.57104,0,0,-.47673,.72547,-.66421,0,-.82572,-.37887
FS035,male,28,73,scientific staff,56,L,64, ,L12,WC-L,L12,WC-L,1,-1,-.327733333,-.15891,0,-2.47716,-1.89434,-.51525,-.46795,0,0,-.47673,0,0,0,0,-2.47716,-1.89434
FS036,female,30,83,scientific staff,19,J,30, ,L11,J10,L11,L11,1,1,-.97929,1.288186667,-1.19523,1.13592,.9798,.3873,-.95346,-2.37171,.79057,.9359,2.13809,-1.19523,-1.19523, ,1.13592,.9798
FS036,female,30,83,scientific staff,19,J,30, ,L11,WC-J,L11,WC-J,1,-1,-1.679086667,-1.017186667,-2.39045,-1.70388,-1.46969,-1.5492,-1.90692,-1.58114,-1.58114,-.9359,-.53452,-2.39045,-2.39045, ,-1.70388,-1.46969
FS036,female,30,83,scientific staff,19,J,30, ,L11,L12,L11, ,1, ,-.452243333,-.19289,-2.39045,0,.9798,.3873,-.95346,-.79057,-1.58114,.46795,.53452,-2.39045,-2.39045, ,0,.9798
FS036,female,30,83,scientific staff,19,J,30, ,L11,WC-H,L11,WC-H,1,-1,-1.94261,-1.17317,-2.39045,-1.13592,.9798,-1.5492,-1.90692,-2.37171,-1.58114,-1.40385,-.53452,-2.39045,-2.39045, ,-1.13592,.9798
FS036,female,30,83,scientific staff,19,J,30, ,L11,Elevator,Elevator,Elevator,-1,-1,-2.26043,-.731473333,-2.39045,0,.9798,-1.5492,-2.86038,-2.37171,-.79057,-1.40385,0,-2.39045,-2.39045, ,0,.9798
FS036,female,30,83,scientific staff,19,J,30, ,J10,WC-J,WC-J,WC-J,-1,-1,-.699796667,-2.305373333,-1.19522,-2.8398,-2.44949,-1.9365,-.95346,.79057,-2.37171,-1.8718,-2.67261,-1.19522,-1.19522, ,-2.8398,-2.44949
FS036,female,30,83,scientific staff,19,J,30, ,J10,L12,L12, ,-1, ,.527046667,-1.481076667,-1.19522,-1.13592,0,0,0,1.58114,-2.37171,-.46795,-1.60357,-1.19522,-1.19522, ,-1.13592,0
FS036,female,30,83,scientific staff,19,J,30, ,J10,WC-H,WC-H,WC-H,-1,-1,-.96332,-2.461356667,-1.19522,-2.27184,0,-1.9365,-.95346,0,-2.37171,-2.33975,-2.67261,-1.19522,-1.19522, ,-2.27184,0
FS036,female,30,83,scientific staff,19,J,30, ,J10,Elevator,Elevator,Elevator,-1,-1,-1.28114,-2.01966,-1.19522,-1.13592,0,-1.9365,-1.90692,0,-1.58114,-2.33975,-2.13809,-1.19522,-1.19522, ,-1.13592,0
FS036,female,30,83,scientific staff,19,J,30, ,WC-J,L12,WC-J,WC-J,1,1,1.226843333,.824296667,0,1.70388,2.44949,1.9365,.95346,.79057,0,1.40385,1.06904,0,0, ,1.70388,2.44949
FS036,female,30,83,scientific staff,19,J,30, ,WC-J,WC-H,WC-J,WC-H,1,-1,-.263523333,-.155983333,0,.56796,2.44949,0,0,-.79057,0,-.46795,0,0,0, ,.56796,2.44949
FS036,female,30,83,scientific staff,19,J,30, ,WC-J,Elevator,Elevator,Elevator,-1,-1,-.581343333,.285713333,0,1.70388,2.44949,0,-.95346,-.79057,.79057,-.46795,.53452,0,0, ,1.70388,2.44949
FS036,female,30,83,scientific staff,19,J,30, ,L12,WC-H,L12,WC-H,1,-1,-1.490366667,-.98028,0,-1.13592,0,-1.9365,-.95346,-1.58114,0,-1.8718,-1.06904,0,0, ,-1.13592,0
FS036,female,30,83,scientific staff,19,J,30, ,L12,Elevator,Elevator,Elevator,-1,-1,-1.808186667,-.538583333,0,0,0,-1.9365,-1.90692,-1.58114,.79057,-1.8718,-.53452,0,0, ,0,0
FS036,female,30,83,scientific staff,19,J,30, ,WC-H,Elevator,Elevator,Elevator,-1,-1,-.31782,.441696667,0,1.13592,0,0,-.95346,0,.79057,0,.53452,0,0, ,1.13592,0
FS011,male,28,74,scientific staff,24,J,92, ,Elevator,WC-J,Elevator,Elevator,1,1,2.089473333,.65475,.255243333,-2.69227,0,2.47716,1.61125,2.18001,1.31876,.64549,0,.8554,.53452,-.62419,-2.69227,0
FS011,male,28,74,scientific staff,24,J,92, ,Elevator,H38,Elevator,Elevator,1,1,.27524,1.463723333,1.0749,-1.34614,2.01347,.82572,0,0,1.31876,1.93649,1.13592,1.7108,2.13809,-.62419,-1.34614,2.01347
FS011,male,28,74,scientific staff,24,J,92, ,Elevator,L11,L11,Elevator,-1,1,1.450896667,.86529,-.38624,0,.80539,1.65144,1.61125,1.09,.65938,1.93649,0,0,-.53453,-.62419,0,.80539
FS011,male,28,74,scientific staff,24,J,92, ,Elevator,L40,Elevator,Elevator,1,1,2.268503333,2.307793333,2.014106667,-.89742,2.01347,2.47716,2.14834,2.18001,2.63752,2.58198,1.70388,2.5662,1.60356,1.87256,-.89742,2.01347
FS011,male,28,74,scientific staff,24,J,92, ,Elevator,J10,J10,Elevator,-1,1,.456906667,-.163476667,.433416667,-.89742,2.01347,.82572,0,.545,0,.64549,-1.13592,.8554,1.06904,-.62419,-.89742,2.01347
FS011,male,28,74,scientific staff,24,J,92, ,WC-J,H38,H38,WC-J,-1,1,-1.814233333,.808973333,.819656667,1.34613,2.01347,-1.65144,-1.61125,-2.18001,0,1.291,1.13592,.8554,1.60357,0,1.34613,2.01347
FS011,male,28,74,scientific staff,24,J,92, ,WC-J,L11,L11,WC-J,-1,1,-.638576667,.21054,-.641483333,2.69227,.80539,-.82572,0,-1.09001,-.65938,1.291,0,-.8554,-1.06905,0,2.69227,.80539
FS011,male,28,74,scientific staff,24,J,92, ,WC-J,L40,WC-J,WC-J,1,1,.17903,1.653043333,1.758863333,1.79485,2.01347,0,.53709,0,1.31876,1.93649,1.70388,1.7108,1.06904,2.49675,1.79485,2.01347
FS011,male,28,74,scientific staff,24,J,92, ,WC-J,J10,J10,WC-J,-1,1,-1.632566667,-.818226667,.178173333,1.79485,2.01347,-1.65144,-1.61125,-1.63501,-1.31876,0,-1.13592,0,.53452,0,1.79485,2.01347
FS011,male,28,74,scientific staff,24,J,92, ,H38,L11,L11,H38,-1,1,1.175656667,-.598433333,-1.46114,1.34614,-1.20808,.82572,1.61125,1.09,-.65938,0,-1.13592,-1.7108,-2.67262,0,1.34614,-1.20808
FS011,male,28,74,scientific staff,24,J,92, ,H38,L40,H38,H38,1,1,1.993263333,.84407,.939206667,.44872,0,1.65144,2.14834,2.18001,1.31876,.64549,.56796,.8554,-.53453,2.49675,.44872,0
FS011,male,28,74,scientific staff,24,J,92, ,H38,J10,J10,J10,-1,-1,.181666667,-1.6272,-.641483333,.44872,0,0,0,.545,-1.31876,-1.291,-2.27184,-.8554,-1.06905,0,.44872,0
FS011,male,28,74,scientific staff,24,J,92, ,L11,L40,L11,L11,1,1,.817606667,1.442503333,2.400346667,-.89742,1.20808,.82572,.53709,1.09001,1.97814,.64549,1.70388,2.5662,2.13809,2.49675,-.89742,1.20808
FS011,male,28,74,scientific staff,24,J,92, ,L11,J10,L11,J10,1,-1,-.99399,-1.028766667,.819656667,-.89742,1.20808,-.82572,-1.61125,-.545,-.65938,-1.291,-1.13592,.8554,1.60357,0,-.89742,1.20808
FS011,male,28,74,scientific staff,24,J,92, ,L40,J10,J10,J10,-1,-1,-1.811596667,-2.47127,-1.58069,0,0,-1.65144,-2.14834,-1.63501,-2.63752,-1.93649,-2.8398,-1.7108,-.53452,-2.49675,0,0
