PID,gender,age,SOD,role,staying,floor,office_number,pair,place1,place2,place4familiar,place4unfamiliar,familiar,unfamiliar,vis_diff,str_diff,sem_diff,sign_diff,fre_diff,Q1,Q2,Q3,Q4,Q5,Q6,Q7,Q8,Q9,Q10,Q11
STU01,male,25,83,master,66, , , ,L40,WC-J,WC-J,WC-J,-1,-1,-1.79506291992698,-1.2333060289742,-2.30530267377455,-2.08682503092076,-2.63117405792109,-1.452368755,-1.871803845,-2.06101616,0,-1.463850109,-2.236067977,-2.341416986,-2.416161799,-2.158329237,-2.086825031,-2.631174058
STU01,male,25,83,master,66, , , ,L40,J10,J10,J10,-1,-1,-1.14996995965266,-1.04696703084921,-1.09451692332397,-.347804171820126,-.438529009653515,-.968245837,-.935901923,-1.54576212,0,-1.463850109,-1.677050983,-.780472329,-1.208080899,-1.294997542,-.347804172,-.43852901
STU01,male,25,83,master,66, , , ,L40,K32,K32, ,-1, ,-2.27379518588052,-1.47728104721133,-2.30530267377455,-2.08682503092076,-.877058019307029,-2.420614591,-2.339754807,-2.06101616,0,-2.195775164,-2.236067977,-2.341416986,-2.416161799,-2.158329237,-2.086825031,-.877058019
STU01,male,25,83,master,66, , , ,L40,L11,L40,L40,1,1,-.327735000412764,-.372677996249965,-1.10002183845252,-.347804171820126,-1.31558702896054,0,-.467950961,-.51525404,0,0,-1.118033989,-1.170708493,-.402693633,-1.726663389,-.347804172,-1.315587029
STU01,male,25,83,master,66, , , ,L40,H38,H38,H38,-1,-1,-2.28417222643172,-2.48011662626404,-1.18316596180994,0,0,-1.936491673,-2.339754807,-2.5762702,-2.449489743,-2.195775164,-2.795084972,-2.341416986,-1.208080899,0,0,0
STU01,male,25,83,master,66, , , ,WC-J,J10,J10,WC-J,-1,1,.645092960274322,.186338998124982,1.21078575045058,1.73902085910063,2.19264504826757,.484122918,.935901923,.51525404,0,0,.559016994,1.560944657,1.208080899,.863331695,1.739020859,2.192645048
STU01,male,25,83,master,66, , , ,WC-J,K32,K32,K32,-1,-1,-.478732265953534,-.243975018237133,0,0,1.75411603861406,-.968245837,-.467950961,0,0,-.731925055,0,0,0,0,0,1.754116039
STU01,male,25,83,master,66, , , ,WC-J,L11,WC-J,WC-J,1,1,1.46732791951422,.860628032724232,1.20528083532203,1.73902085910063,1.31558702896054,1.452368755,1.403852884,1.54576212,0,1.463850109,1.118033989,1.170708493,2.013468166,.431665847,1.739020859,1.315587029
STU01,male,25,83,master,66, , , ,WC-J,H38,H38,H38,-1,-1,-.48910930650474,-1.24681059728984,1.12213671196461,2.08682503092076,2.63117405792109,-.484122918,-.467950961,-.51525404,-2.449489743,-.731925055,-.559016994,0,1.208080899,2.158329237,2.086825031,2.631174058
STU01,male,25,83,master,66, , , ,J10,K32,J10,K32,1,-1,-1.12382522622786,-.430314016362116,-1.21078575045058,-1.73902085910063,-.438529009653515,-1.452368755,-1.403852884,-.51525404,0,-.731925055,-.559016994,-1.560944657,-1.208080899,-.863331695,-1.739020859,-.43852901
STU01,male,25,83,master,66, , , ,J10,L11,J10,J10,1,1,.822234959239897,.674289034599249,-.00550491512854982,0,-.877058019307029,.968245837,.467950961,1.03050808,0,1.463850109,.559016994,-.390236164,.805387266,-.431665847,0,-.877058019
STU01,male,25,83,master,66, , , ,J10,H38,H38,H38,-1,-1,-1.13420226677906,-1.43314959541482,-.0886490384859683,.347804171820126,.438529009653515,-.968245837,-1.403852884,-1.03050808,-2.449489743,-.731925055,-1.118033989,-1.560944657,0,1.294997542,.347804172,.43852901
STU01,male,25,83,master,66, , , ,K32,L11,K32,K32,1,1,1.94606018546775,1.10460305096137,1.20528083532203,1.73902085910063,-.438529009653515,2.420614591,1.871803845,1.54576212,0,2.195775164,1.118033989,1.170708493,2.013468166,.431665847,1.739020859,-.43852901
STU01,male,25,83,master,66, , , ,K32,H38,H38,H38,-1,-1,-.0103770405512059,-1.00283557905271,1.12213671196461,2.08682503092076,.877058019307029,.484122918,0,-.51525404,-2.449489743,0,-.559016994,0,1.208080899,2.158329237,2.086825031,.877058019
STU01,male,25,83,master,66, , , ,L11,H38,H38,H38,-1,-1,-1.95643722601896,-2.10743863001407,-.0831441233574185,.347804171820126,1.31558702896054,-1.936491673,-1.871803845,-2.06101616,-2.449489743,-2.195775164,-1.677050983,-1.170708493,-.805387266,1.726663389,.347804172,1.315587029
STU02,female,23,53,master,51, , , ,WC-J,K32,K32,K32,-1,-1,-1.511709504867,-.666124197749216,-.664211164155071,0,1.73902085910063,-1.525642884,-1.74175425,-1.267731382,-1.463850109,0,-.534522484,1.328422329,-2.656844657,0,0,1.739020859
STU02,female,23,53,master,51, , , ,WC-J,L12,L12,L12,-1,-1,-2.15647171561076,-1.26644753853625,-1.32842232831014,0,2.08682503092076,-2.034190511,-2.322339,-2.112885637,-2.195775164,0,-1.603567452,0,-2.656844657,0,0,2.086825031
STU02,female,23,53,master,51, , , ,WC-J,L11,WC-J,L11,1,-1,-.164871416478596,.321715181070911,-1.66052791038768,1.93649167310371,1.73902085910063,.508547627,-.58058475,-.422577128,0,2.034190511,-1.069044968,-1.328422328,-1.992633492,0,1.936491673,1.739020859
STU02,female,23,53,master,51, , , ,WC-J,K13,K13,K13,-1,-1,-.0286568334504498,-1.20064668157406,-1.32842232831014,0,2.08682503092076,-.508547628,0,.422577127,-1.463850109,0,-2.138089936,-1.328422328,-1.328422328,0,0,2.086825031
STU02,female,23,53,master,51, , , ,WC-J,J10,J10,WC-J,-1,1,-1.65256854732176,-1.96182761289655,-.996316746232607,1.93649167310371,0,-1.525642884,-1.74175425,-1.69030851,-2.195775164,-1.017095255,-2.67261242,0,-1.992633492,0,1.936491673,0
STU02,female,23,53,master,51, , , ,K32,L12,K32,K32,1,1,-.644762210743754,-.600323340787032,-.664211164155072,0,.347804171820126,-.508547627,-.58058475,-.845154255,-.731925055,0,-1.069044968,-1.328422329,0,0,0,.347804172
STU02,female,23,53,master,51, , , ,K32,L11, ,K32, ,1,1.34683808838841,.987839378820127,-.996316746232607,1.93649167310371,0,2.034190511,1.1611695,.845154254,1.463850109,2.034190511,-.534522484,-2.656844657,.664211165,0,1.936491673,0
STU02,female,23,53,master,51, , , ,K32,K13,K13,K13,-1,-1,1.48305267141655,-.534522483824849,-.664211164155071,0,.347804171820126,1.017095256,1.74175425,1.690308509,0,0,-1.603567452,-2.656844657,1.328422329,0,0,.347804172
STU02,female,23,53,master,51, , , ,K32,J10,J10,K32,-1,1,-.140859042454753,-1.29570341514734,-.332105582077536,1.93649167310371,-1.73902085910063,0,0,-.422577128,-.731925055,-1.017095255,-2.138089936,-1.328422329,.664211165,0,1.936491673,-1.739020859
STU02,female,23,53,master,51, , , ,L12,L11,L12,L12,1,1,1.99160029913216,1.58816271960716,-.332105582077536,1.93649167310371,-.347804171820126,2.542738138,1.74175425,1.690308509,2.195775164,2.034190511,.534522484,-1.328422328,.664211165,0,1.936491673,-.347804172
STU02,female,23,53,master,51, , , ,L12,K13, ,K13, ,-1,2.12781488216031,.0658008569621837,5.55111512312578E-17,0,0,1.525642883,2.322339,2.535462764,.731925055,0,-.534522484,-1.328422328,1.328422329,0,0,0
STU02,female,23,53,master,51, , , ,L12,J10, , , , ,.503903168289001,-.695380074360304,.332105582077536,1.93649167310371,-2.08682503092076,.508547627,.58058475,.422577127,0,-1.017095255,-1.069044968,0,.664211165,0,1.936491673,-2.086825031
STU02,female,23,53,master,51, , , ,L11,K13,K13,K13,-1,-1,.136214583028146,-1.52236186264498,.332105582077536,-1.93649167310371,.347804171820126,-1.017095255,.58058475,.845154255,-1.463850109,-2.034190511,-1.069044968,0,.664211164,0,-1.936491673,.347804172
STU02,female,23,53,master,51, , , ,L11,J10,J10,J10,-1,-1,-1.48769713084316,-2.28354279396746,.664211164155071,0,-1.73902085910063,-2.034190511,-1.1611695,-1.267731382,-2.195775164,-3.051285766,-1.603567452,1.328422328,0,0,0,-1.739020859
STU02,female,23,53,master,51, , , ,K13,J10,J10,K13,-1,1,-1.62391171387131,-.761180931322488,.332105582077536,1.93649167310371,-2.08682503092076,-1.017095256,-1.74175425,-2.112885637,-.731925055,-1.017095255,-.534522484,1.328422328,-.664211164,0,1.936491673,-2.086825031
STU03,female,26,63,master,36, , , ,L11,J10,J10,J10,-1,-1,1.09753483724916,-2.77477390694713,-.296174438879546,-2.18001725853828,-2.03809866146027,.624187784,.731925055,1.936491673,-2.566196768,-2.902923749,-2.855201204,-.888523317,0,0,-2.180017259,-2.038098661
STU03,female,26,63,master,36, , , ,L11,WC-J,WC-J,WC-J,-1,-1,2.11629608055149,-1.81667716636888,.950196088819003,0,-2.71746488194703,1.248375568,2.195775164,2.90473751,-2.566196768,-1.741754249,-1.142080481,.444261658,.58058475,1.825741858,0,-2.717464882
STU03,female,26,63,master,36, , , ,L11,H38,H38,H38,-1,-1,.322748612183951,-2.0070239132756,.950196088819003,0,-.679366220486757,0,0,.968245837,-2.566196768,-1.741754249,-1.713120722,.444261658,.58058475,1.825741858,0,-.67936622
STU03,female,26,63,master,36, , , ,L11,H92,L11,H92,1,-1,1.88692404547183,-1.91541918894855,1.58798599706737,0,-1.35873244097351,2.496751136,2.195775164,.968245837,-1.710797846,-2.322338999,-1.713120722,1.777046633,1.1611695,1.825741858,0,-1.358732441
STU03,female,26,63,master,36, , , ,L11,K32,K32,K32,-1,-1,.566723630421085,-1.14766919527701,-.876759188666684,-1.63501294390371,-.679366220486757,0,.731925055,.968245837,-1.710797846,-1.1611695,-.571040241,-.888523317,-1.741754249,0,-1.635012944,-.67936622
STU03,female,26,63,master,36, , , ,J10,WC-J,WC-J,J10,-1,1,1.01876124330234,.958096740578253,1.24637052769855,2.18001725853828,-.679366220486757,.624187784,1.463850109,.968245837,0,1.1611695,1.713120722,1.332784975,.58058475,1.825741858,2.180017259,-.67936622
STU03,female,26,63,master,36, , , ,J10,H38,H38,J10,-1,1,-.774786225065204,.767749993671532,1.24637052769855,2.18001725853828,1.35873244097351,-.624187784,-.731925055,-.968245837,0,1.1611695,1.142080481,1.332784975,.58058475,1.825741858,2.180017259,1.358732441
STU03,female,26,63,master,36, , , ,J10,H92,H92,J10,-1,1,.789389208222674,.859354717998587,1.88416043594691,2.18001725853828,.679366220486757,1.872563352,1.463850109,-.968245837,.855398923,.58058475,1.142080481,2.66556995,1.1611695,1.825741858,2.180017259,.67936622
STU03,female,26,63,master,36, , , ,J10,K32,K32,K32,-1,-1,-.530811206828071,1.62710471167012,-.580584749787138,.54500431463457,1.35873244097351,-.624187784,0,-.968245837,.855398923,1.741754249,2.284160963,0,-1.741754249,0,.545004315,1.358732441
STU03,female,26,63,master,36, , , ,WC-J,H38,H38,WC-J,-1,1,-1.79354746836754,-.19034674690672,0,0,2.03809866146027,-1.248375568,-2.195775164,-1.936491673,0,0,-.571040241,0,0,0,0,2.038098661
STU03,female,26,63,master,36, , , ,WC-J,H92,H92,WC-J,-1,1,-.229372035079663,-.0987420225796657,.637789908248365,0,1.35873244097351,1.248375568,0,-1.936491673,.855398923,-.58058475,-.571040241,1.332784975,.58058475,0,0,1.358732441
STU03,female,26,63,master,36, , , ,WC-J,K32,K32,K32,-1,-1,-1.54957245013041,.669007971091867,-1.82695527748569,-1.63501294390371,2.03809866146027,-1.248375568,-1.463850109,-1.936491673,.855398923,.58058475,.571040241,-1.332784975,-2.322338999,-1.825741858,-1.635012944,2.038098661
STU03,female,26,63,master,36, , , ,H38,H92,H92,H38,-1,1,1.56417543328788,.0916047243270546,.637789908248365,0,-.679366220486757,2.496751136,2.195775164,0,.855398923,-.58058475,0,1.332784975,.58058475,0,0,-.67936622
STU03,female,26,63,master,36, , , ,H38,K32, ,K32, ,-1,.243975018237133,.859354717998587,-1.82695527748569,-1.63501294390371,0,0,.731925055,0,.855398923,.58058475,1.142080481,-1.332784975,-2.322338999,-1.825741858,-1.635012944,0
STU03,female,26,63,master,36, , , ,H92,K32,K32,K32,-1,-1,-1.32020041505075,.767749993671532,-2.46474518573405,-1.63501294390371,.679366220486757,-2.496751136,-1.463850109,0,0,1.1611695,1.142080481,-2.66556995,-2.902923749,-1.825741858,-1.635012944,.67936622
STU04,male,23,81,master,39, , , ,WC-K,J10,J10,WC-K,-1,1,-.645497224367903,1.87879601068223,-.923307913314615,2.32233899914855,0,-1.328422328,1.328422328,-1.936491673,2.717464882,1.504709588,1.414213562,-2.034190511,1.090008629,-1.825741858,2.322338999,0
STU04,male,23,81,master,39, , , ,WC-K,L12,WC-K,WC-K,1,1,.221403721385024,.211372735936675,-.94761237126059,1.74175424936141,0,-1.992633492,2.656844657,0,.67936622,-.752354794,.707106781,-1.017095255,0,-1.825741858,1.741754249,0
STU04,male,23,81,master,39, , , ,WC-K,WC-H, , , , ,-.442807442770048,-.972974383366551,-.923307913314615,0,-2.39045721866879,-2.656844657,1.328422328,0,0,-1.504709588,-1.414213562,-2.034190511,1.090008629,-1.825741858,0,-2.390457219
STU04,male,23,81,master,39, , , ,WC-K,K32,K32,K32,-1,-1,-.885614885540095,-.00924685356659671,-1.04139971337719,.580584749787138,-1.19522860933439,-2.656844657,0,0,.67936622,0,-.707106781,-2.034190511,-1.090008629,0,.58058475,-1.195228609
STU04,male,23,81,master,39, , , ,WC-K,Elevator2ME,WC-K,WC-K,1,1,-.866900945752927,.226455406828919,.54500431463457,1.74175424936141,0,-1.992633492,1.328422328,-1.936491673,.67936622,0,0,0,1.635012944,0,1.741754249,0
STU04,male,23,81,master,39, , , ,J10,L12,J10,L12,1,-1,.866900945752927,-1.66742327474555,-.0243044579459747,-.580584749787138,0,-.664211164,1.328422328,1.936491673,-2.038098661,-2.257064382,-.707106781,1.017095255,-1.090008629,0,-.58058475,0
STU04,male,23,81,master,39, , , ,J10,WC-H,J10,WC-H,1,-1,.202689781597855,-2.85177039404878,0,-2.32233899914855,-2.39045721866879,-1.328422328,0,1.936491673,-2.717464882,-3.009419175,-2.828427125,0,0,0,-2.322338999,-2.390457219
STU04,male,23,81,master,39, , , ,J10,K32,K32,K32,-1,-1,-.240117661172192,-1.88804286424882,-.118091800062575,-1.74175424936141,-1.19522860933439,-1.328422328,-1.328422328,1.936491673,-2.038098661,-1.504709588,-2.121320344,0,-2.180017259,1.825741858,-1.741754249,-1.195228609
STU04,male,23,81,master,39, , , ,J10,Elevator2ME,J10,Elevator,1,-1,-.221403721385024,-1.65234060385331,1.46831222794919,-.580584749787138,0,-.664211164,0,0,-2.038098661,-1.504709588,-1.414213562,2.034190511,.545004315,1.825741858,-.58058475,0
STU04,male,23,81,master,39, , , ,L12,WC-H, ,WC-H, ,-1,-.664211164155072,-1.18434711930323,.0243044579459747,-1.74175424936141,-2.39045721866879,-.664211164,-1.328422328,0,-.67936622,-.752354794,-2.121320344,-1.017095255,1.090008629,0,-1.741754249,-2.390457219
STU04,male,23,81,master,39, , , ,L12,K32,K32,K32,-1,-1,-1.10701860692512,-.220619589503272,-.0937873421166002,-1.16116949957428,-1.19522860933439,-.664211164,-2.656844657,0,0,.752354794,-1.414213562,-1.017095255,-1.090008629,1.825741858,-1.1611695,-1.195228609
STU04,male,23,81,master,39, , , ,L12,Elevator2ME,L12,Elevator,1,-1,-1.08830466713795,.0150826708922437,1.49261668589516,0,0,0,-1.328422328,-1.936491673,0,.752354794,-.707106781,1.017095255,1.635012944,1.825741858,0,0
STU04,male,23,81,master,39, , , ,WC-H,K32,K32,WC-H,-1,1,-.442807442770048,.963727529799954,-.118091800062575,.580584749787138,1.19522860933439,0,-1.328422328,0,.67936622,1.504709588,.707106781,0,-2.180017259,1.825741858,.58058475,1.195228609
STU04,male,23,81,master,39, , , ,WC-H,Elevator2ME,WC-H,WC-H,1,1,-.424093502982879,1.19942979019547,1.46831222794919,1.74175424936141,2.39045721866879,.664211164,0,-1.936491673,.67936622,1.504709588,1.414213562,2.034190511,.545004315,1.825741858,1.741754249,2.390457219
STU04,male,23,81,master,39, , , ,K32,Elevator2ME,K32,Elevator,1,-1,.0187139397871686,.235702260395516,1.58640402801176,1.16116949957428,1.19522860933439,.664211164,1.328422328,-1.936491673,0,0,.707106781,2.034190511,2.725021573,0,1.1611695,1.195228609
STU05,female,23,76,master,48, , , ,WC-L,Elevator2ME,Elevator,Elevator,-1,-1,-.461709478849103,-.786754780725134,1.13654068830157,1.75411603861406,2.58198889747161,0,-.431665847,-.953462589,-3.042903097,-.534522484,1.217161239,.912870929,0,2.496751136,1.754116039,2.581988897
STU05,female,23,76,master,48, , , ,WC-L,L40,WC-L,WC-L,1,1,1.39829509048115,.915556851583193,.549534719418897,2.19264504826757,2.58198889747161,1.469693846,1.294997542,1.430193884,-1.217161239,2.138089935,1.825741858,2.738612788,-1.090008629,0,2.192645048,2.581988897
STU05,female,23,76,master,48, , , ,WC-L,L12,WC-L,WC-L,1,1,-.773286295446499,-.989614987208529,-.72667241951276,.877058019307029,2.58198889747161,-.979795897,-.863331695,-.476731295,-1.825741858,-.534522484,-.608580619,0,-2.180017259,0,.877058019,2.581988897
STU05,female,23,76,master,48, , , ,WC-L,K32,K32,WC-L,-1,1,-1.07608534275467,-.81144082593358,-.214319515143548,-.438529009653515,1.93649167310371,-.979795897,-1.294997542,-.953462589,-1.825741858,0,-.608580619,.912870929,-2.180017259,.624187784,-.43852901,1.936491673
STU05,female,23,76,master,48, , , ,WC-L,WC-K,WC-K,WC-K,-1,-1,.932196726987432,-.22754625169184,-.240714004909477,.877058019307029,1.93649167310371,.979795897,.863331695,.953462589,-1.217161239,.534522484,0,.912870929,-1.635012944,0,.877058019,1.936491673
STU05,female,23,76,master,48, , , ,Elevator2ME,L40,Elevator,Elevator,1,1,1.86000456933025,1.70231163230833,-.587005968882674,.438529009653515,0,1.469693846,1.726663389,2.383656473,1.825741858,2.672612419,.608580619,1.825741858,-1.090008629,-2.496751136,.43852901,0
STU05,female,23,76,master,48, , , ,Elevator2ME,L12,Elevator,Elevator,1,1,-.311576816597397,-.202860206483395,-1.86321310781433,-.877058019307029,0,-.979795897,-.431665847,.476731295,1.217161239,0,-1.825741858,-.912870929,-2.180017259,-2.496751136,-.877058019,0
STU05,female,23,76,master,48, , , ,Elevator2ME,K32,Elevator,Elevator,1,1,-.614375863905568,-.0246860452084452,-1.35086020344512,-2.19264504826757,-.645497224367903,-.979795897,-.863331695,0,1.217161239,.534522484,-1.825741858,0,-2.180017259,-1.872563352,-2.192645048,-.645497224
STU05,female,23,76,master,48, , , ,Elevator2ME,WC-K,Elevator,Elevator,1,1,1.39390620583653,.559208529033294,-1.37725469321105,-.877058019307029,-.645497224367903,.979795897,1.294997542,1.906925178,1.825741858,1.069044968,-1.217161239,0,-1.635012944,-2.496751136,-.877058019,-.645497224
STU05,female,23,76,master,48, , , ,L40,L12, ,L12, ,-1,-2.17158138592765,-1.90517183879172,-1.27620713893166,-1.31558702896054,0,-2.449489743,-2.158329237,-1.906925178,-.608580619,-2.672612419,-2.434322478,-2.738612788,-1.090008629,0,-1.315587029,0
STU05,female,23,76,master,48, , , ,L40,K32,K32,K32,-1,-1,-2.47438043323582,-1.72699767751677,-.763854234562445,-2.63117405792109,-.645497224367903,-2.449489743,-2.589995084,-2.383656473,-.608580619,-2.138089935,-2.434322478,-1.825741858,-1.090008629,.624187784,-2.631174058,-.645497224
STU05,female,23,76,master,48, , , ,L40,WC-K,WC-K,WC-K,-1,-1,-.466098363493716,-1.14310310327503,-.790248724328375,-1.31558702896054,-.645497224367903,-.489897949,-.431665847,-.476731295,0,-1.603567451,-1.825741858,-1.825741858,-.545004315,0,-1.315587029,-.645497224
STU05,female,23,76,master,48, , , ,L12,K32,K32,L12,-1,1,-.302799047308171,.17817416127495,.512352904369212,-1.31558702896054,-.645497224367903,0,-.431665847,-.476731295,0,.534522484,0,.912870929,0,.624187784,-1.315587029,-.645497224
STU05,female,23,76,master,48, , , ,L12,WC-K,WC-K, ,-1, ,1.70548302243393,.762068735516689,.485958414603282,0,-.645497224367903,1.959591794,1.726663389,1.430193884,.608580619,1.069044968,.608580619,.912870929,.545004315,0,0,-.645497224
STU05,female,23,76,master,48, , , ,K32,WC-K,WC-K,K32,-1,1,2.0082820697421,.583894574241739,-.0263944897659299,1.31558702896054,0,1.959591794,2.158329237,1.906925178,.608580619,.534522484,.608580619,0,.545004315,-.624187784,1.315587029,0
STU06,female,24,67,master,48, , , ,J10,WC-K,J10,WC-K,1,-1,-.11426,0,-.137396667,.67936,0,-1.46385,-1.32842,2.44949,0,0,0,.96825,1.06905,-2.44949,.67936,0
STU06,female,24,67,master,48, , , ,J10,Elevator2ME,J10,Elevator,1,-1,-1.373563333,-1.696883333,-.349173333,-1.35873,2.03419,-1.46385,-2.65684,0,-1.82574,-1.32842,-1.93649,1.93649,-.53452,-2.44949,-1.35873,2.03419
STU06,female,24,67,master,48, , , ,J10,L12,J10,L12,1,-1,-1.861516667,-1.696883333,-1.172843333,-.67937,2.03419,-2.92771,-2.65684,0,-1.82574,-1.32842,-1.93649,0,-1.06904,-2.44949,-.67937,2.03419
STU06,female,24,67,master,48, , , ,J10,K32,K32,K32,-1,-1,-.987886667,-1.254076667,-1.673766667,-2.0381,2.03419,-2.19578,-1.99263,1.22475,-1.82574,0,-1.93649,-.96824,-1.60357,-2.44949,-2.0381,2.03419
STU06,female,24,67,master,48, , , ,J10,WC-J,J10,WC-J,1,-1,-.987886667,-.202686667,-.638323333,0,1.01709,-2.19578,-1.99263,1.22475,0,1.32843,-1.93649,0,.53452,-2.44949,0,1.01709
STU06,female,24,67,master,48, , , ,WC-K,Elevator2ME,Elevator,Elevator,-1,-1,-1.259303333,-1.696883333,-.211776667,-2.03809,2.03419,0,-1.32842,-2.44949,-1.82574,-1.32842,-1.93649,.96824,-1.60357,0,-2.03809,2.03419
STU06,female,24,67,master,48, , , ,WC-K,L12,L12,WC-K,-1,1,-1.747256667,-1.696883333,-1.035446667,-1.35873,2.03419,-1.46386,-1.32842,-2.44949,-1.82574,-1.32842,-1.93649,-.96825,-2.13809,0,-1.35873,2.03419
STU06,female,24,67,master,48, , , ,WC-K,K32,K32,K32,-1,-1,-.873626667,-1.254076667,-1.53637,-2.71746,2.03419,-.73193,-.66421,-1.22474,-1.82574,0,-1.93649,-1.93649,-2.67262,0,-2.71746,2.03419
STU06,female,24,67,master,48, , , ,WC-K,WC-J,WC-J, ,-1, ,-.873626667,-.202686667,-.500926667,-.67936,1.01709,-.73193,-.66421,-1.22474,0,1.32843,-1.93649,-.96825,-.53453,0,-.67936,1.01709
STU06,female,24,67,master,48, , , ,Elevator2ME,L12,L12,Elevator,-1,1,-.487953333,0,-.82367,.67936,0,-1.46386,0,0,0,0,0,-1.93649,-.53452,0,.67936,0
STU06,female,24,67,master,48, , , ,Elevator2ME,K32,K32,Elevator,-1,1,.385676667,.442806667,-1.324593333,-.67937,0,-.73193,.66421,1.22475,0,1.32842,0,-2.90473,-1.06905,0,-.67937,0
STU06,female,24,67,master,48, , , ,Elevator2ME,WC-J,Elevator,Elevator,1,1,.385676667,1.494196667,-.28915,1.35873,-1.0171,-.73193,.66421,1.22475,1.82574,2.65685,0,-1.93649,1.06904,0,1.35873,-1.0171
STU06,female,24,67,master,48, , , ,L12,K32,K32,K32,-1,-1,.87363,.442806667,-.500923333,-1.35873,0,.73193,.66421,1.22475,0,1.32842,0,-.96824,-.53453,0,-1.35873,0
STU06,female,24,67,master,48, , , ,L12,WC-J,L12,WC-J,1,-1,.87363,1.494196667,.53452,.67937,-1.0171,.73193,.66421,1.22475,1.82574,2.65685,0,0,1.60356,0,.67937,-1.0171
STU06,female,24,67,master,48, , , ,K32,WC-J,K32,K32,1,1,0,1.05139,1.035443333,2.0381,-1.0171,0,0,0,1.82574,1.32843,0,.96824,2.13809,0,2.0381,-1.0171
STU07,female,24,55,master,26, , , ,L11,WC-K,L11,WC-K,1,-1,-1.48111,.193526667,-.27524,-2.18001,0,-1.71312,-1.01709,-1.71312,0,0,.58058,-.82572,0,0,-2.18001,0
STU07,female,24,55,master,26, , , ,L11,H38,L11,H38,1,-1,-1.100416667,-.157273333,2.083096667,0,2.39045,-1.14208,-1.01709,-1.14208,-1.63299,0,1.16117,1.65145,2.14835,2.44949,0,2.39045
STU07,female,24,55,master,26, , , ,L11,WC-J,L11,WC-J,1,-1,-1.48111,.981966667,-.27524,-2.18001,0,-1.71312,-1.01709,-1.71312,.81649,.96824,1.16117,-.82572,0,0,-2.18001,0
STU07,female,24,55,master,26, , , ,L11,K32,L11,L11,1,1,-.719723333,.64489,-.454266667,-.545,1.19522,-.57104,-1.01709,-.57104,0,-.96825,2.90292,-.82572,-.53708,0,-.545,1.19522
STU07,female,24,55,master,26, , , ,L11,Elevator2ME,Elevator,Elevator,-1,-1,-2.92056,-.609243333,-.454266667,-1.09,0,-2.8552,-3.05128,-2.8552,-1.63299,-1.93649,1.74175,-.82572,-.53708,0,-1.09,0
STU07,female,24,55,master,26, , , ,WC-K,H38,WC-K,H38,1,-1,.380693333,-.3508,2.358336667,2.18001,2.39045,.57104,0,.57104,-1.63299,0,.58059,2.47717,2.14835,2.44949,2.18001,2.39045
STU07,female,24,55,master,26, , , ,WC-K,WC-J,WC-J,WC-J,-1,-1,0,.78844,0,0,0,0,0,0,.81649,.96824,.58059,0,0,0,0,0
STU07,female,24,55,master,26, , , ,WC-K,K32,K32,WC-K,-1,1,.761386667,.451363333,-.179026667,1.63501,1.19522,1.14208,0,1.14208,0,-.96825,2.32234,0,-.53708,0,1.63501,1.19522
STU07,female,24,55,master,26, , , ,WC-K,Elevator2ME,Elevator,Elevator,-1,-1,-1.43945,-.80277,-.179026667,1.09001,0,-1.14208,-2.03419,-1.14208,-1.63299,-1.93649,1.16117,0,-.53708,0,1.09001,0
STU07,female,24,55,master,26, , , ,H38,WC-J,H38,H38,1,1,-.380693333,1.13924,-2.358336667,-2.18001,-2.39045,-.57104,0,-.57104,2.44948,.96824,0,-2.47717,-2.14835,-2.44949,-2.18001,-2.39045
STU07,female,24,55,master,26, , , ,H38,K32,K32,H38,-1,1,.380693333,.802163333,-2.537363333,-.545,-1.19523,.57104,0,.57104,1.63299,-.96825,1.74175,-2.47717,-2.68543,-2.44949,-.545,-1.19523
STU07,female,24,55,master,26, , , ,H38,Elevator2ME,Elevator,H38,-1,1,-1.820143333,-.45197,-2.537363333,-1.09,-2.39045,-1.71312,-2.03419,-1.71312,0,-1.93649,.58058,-2.47717,-2.68543,-2.44949,-1.09,-2.39045
STU07,female,24,55,master,26, , , ,WC-J,K32,K32,WC-J,-1,1,.761386667,-.337076667,-.179026667,1.63501,1.19522,1.14208,0,1.14208,-.81649,-1.93649,1.74175,0,-.53708,0,1.63501,1.19522
STU07,female,24,55,master,26, , , ,WC-J,Elevator2ME,Elevator,Elevator,-1,-1,-1.43945,-1.59121,-.179026667,1.09001,0,-1.14208,-2.03419,-1.14208,-2.44948,-2.90473,.58058,0,-.53708,0,1.09001,0
STU07,female,24,55,master,26, , , ,K32,Elevator2ME,Elevator,Elevator,-1,-1,-2.200836667,-1.254133333,0,-.545,-1.19522,-2.28416,-2.03419,-2.28416,-1.63299,-.96824,-1.16117,0,0,0,-.545,-1.19522
STU08,male,23,85,master,39, , , ,L11,H79,H79,H79,-1,-1,-1.015563333,-2.190653333,-1.14208,-1.35873,-.96824,-1.82574,-.60858,-.61237,-1.82574,-2.18002,-2.5662,-2.28416,0, ,-1.35873,-.96824
STU08,male,23,85,master,39, , , ,L11,J10,J10,J10,-1,-1,-2.540806667,-1.90552,-1.9049,-2.03809,-2.90473,-2.73861,-2.43432,-2.44949,-1.82574,-2.18002,-1.7108,-2.28416,-1.52564, ,-2.03809,-2.90473
STU08,male,23,85,master,39, , , ,L11,H38,H38,H38,-1,-1,-1.62541,-1.90552,-1.396355,-.67936,-.96824,-1.82574,-1.82574,-1.22475,-1.82574,-2.18002,-1.7108,-2.28416,-.50855, ,-.67936,-.96824
STU08,male,23,85,master,39, , , ,L11,H92,H92,H92,-1,-1,-2.133823333,-1.582073333,-1.110835,-.67936,-.96824,-2.73861,-1.82574,-1.83712,0,-2.18002,-2.5662,-1.71312,-.50855, ,-.67936,-.96824
STU08,male,23,85,master,39, , , ,L11,K32,K32,K32,-1,-1,-2.236516667,-.466803333,-2.69897,-2.71746,-1.93649,-1.82574,-2.43432,-2.44949,0,-.54501,-.8554,-2.8552,-2.54274, ,-2.71746,-1.93649
STU08,male,23,85,master,39, , , ,H79,J10,J10,H79,-1,1,-1.525243333,.285133333,-.76282,-.67936,-1.93649,-.91287,-1.82574,-1.83712,0,0,.8554,0,-1.52564, ,-.67936,-1.93649
STU08,male,23,85,master,39, , , ,H79,H38, , , , ,-.609846667,.285133333,-.254275,.67937,0,0,-1.21716,-.61238,0,0,.8554,0,-.50855, ,.67937,0
STU08,male,23,85,master,39, , , ,H79,H92, , , , ,-1.11826,.60858,.031245,.67937,0,-.91287,-1.21716,-1.22475,1.82574,0,0,.57104,-.50855, ,.67937,0
STU08,male,23,85,master,39, , , ,H79,K32,K32,K32,-1,-1,-1.220953333,1.72385,-1.55689,-1.35873,-.96825,0,-1.82574,-1.83712,1.82574,1.63501,1.7108,-.57104,-2.54274, ,-1.35873,-.96825
STU08,male,23,85,master,39, , , ,J10,H38,J10,H38,1,-1,.915396667,0,.508545,1.35873,1.93649,.91287,.60858,1.22474,0,0,0,0,1.01709, ,1.35873,1.93649
STU08,male,23,85,master,39, , , ,J10,H92,J10,H92,1,-1,.406983333,.323446667,.794065,1.35873,1.93649,0,.60858,.61237,1.82574,0,-.8554,.57104,1.01709, ,1.35873,1.93649
STU08,male,23,85,master,39, , , ,J10,K32,K32,K32,-1,-1,.30429,1.438716667,-.79407,-.67937,.96824,.91287,0,0,1.82574,1.63501,.8554,-.57104,-1.0171, ,-.67937,.96824
STU08,male,23,85,master,39, , , ,H38,H92, , , , ,-.508413333,.323446667,.28552,0,0,-.91287,0,-.61237,1.82574,0,-.8554,.57104,0, ,0,0
STU08,male,23,85,master,39, , , ,H38,K32,K32,H38,-1,1,-.611106667,1.438716667,-1.302615,-2.0381,-.96825,0,-.60858,-1.22474,1.82574,1.63501,.8554,-.57104,-2.03419, ,-2.0381,-.96825
STU08,male,23,85,master,39, , , ,H92,K32,K32,H92,-1,1,-.102693333,1.11527,-1.588135,-2.0381,-.96825,.91287,-.60858,-.61237,0,1.63501,1.7108,-1.14208,-2.03419, ,-2.0381,-.96825
STU09,female,27,59,master,52, , , ,WC-K,J10,J10,WC-K,-1,1,.63103,-.33903,.829983333,2.27184,-1.24838,.73192,1.74176,-.58059,0,-1.01709,0,.66421,1.82574,0,2.27184,-1.24838
STU09,female,27,59,master,52, , , ,WC-K,H79,H79,H79,-1,-1,.63103,1.778483333,1.902443333,1.13592,0,.73192,1.74176,-.58059,2.03419,1.0171,2.28416,2.65684,1.82574,1.22475,1.13592,0
STU09,female,27,59,master,52, , , ,WC-K,H38,H38,H38,-1,-1,0,-.529376667,1.459636667,1.70388,-.62419,0,1.16117,-1.16117,0,-1.01709,-.57104,1.32842,1.82574,1.22475,1.70388,-.62419
STU09,female,27,59,master,52, , , ,WC-K,K32,K32,K32,-1,-1,-.87501,-.508546667,-.408246667,0,0,-1.46386,0,-1.16117,0,-1.52564,0,0,0,-1.22474,0,0
STU09,female,27,59,master,52, , , ,WC-K,Elevator2ME, ,Elevator, ,-1,-1.649123333,-.65723,.629653333,0,-2.49675,-1.46386,-.58058,-2.90293,-1.01709,-1.52564,.57104,.66421,0,1.22475,0,-2.49675
STU09,female,27,59,master,52, , , ,J10,H79,J10,H79,1,-1,0,2.117513333,1.07246,-1.13592,1.24838,0,0,0,2.03419,2.03419,2.28416,1.99263,0,1.22475,-1.13592,1.24838
STU09,female,27,59,master,52, , , ,J10,H38,J10,H38,1,-1,-.63103,-.190346667,.629653333,-.56796,.62419,-.73192,-.58059,-.58058,0,0,-.57104,.66421,0,1.22475,-.56796,.62419
STU09,female,27,59,master,52, , , ,J10,K32,K32,K32,-1,-1,-1.50604,-.169516667,-1.23823,-2.27184,1.24838,-2.19578,-1.74176,-.58058,0,-.50855,0,-.66421,-1.82574,-1.22474,-2.27184,1.24838
STU09,female,27,59,master,52, , , ,J10,Elevator2ME,J10,Elevator,1,-1,-2.280153333,-.3182,-.20033,-2.27184,-1.24837,-2.19578,-2.32234,-2.32234,-1.01709,-.50855,.57104,0,-1.82574,1.22475,-2.27184,-1.24837
STU09,female,27,59,master,52, , , ,H79,H38, ,H38, ,-1,-.63103,-2.30786,-.442806667,.56796,-.62419,-.73192,-.58059,-.58058,-2.03419,-2.03419,-2.8552,-1.32842,0,0,.56796,-.62419
STU09,female,27,59,master,52, , , ,H79,K32,K32,K32,-1,-1,-1.50604,-2.28703,-2.31069,-1.13592,0,-2.19578,-1.74176,-.58058,-2.03419,-2.54274,-2.28416,-2.65684,-1.82574,-2.44949,-1.13592,0
STU09,female,27,59,master,52, , , ,H79,Elevator2ME,Elevator,Elevator,-1,-1,-2.280153333,-2.435713333,-1.27279,-1.13592,-2.49675,-2.19578,-2.32234,-2.32234,-3.05128,-2.54274,-1.71312,-1.99263,-1.82574,0,-1.13592,-2.49675
STU09,female,27,59,master,52, , , ,H38,K32,K32,K32,-1,-1,-.87501,.02083,-1.867883333,-1.70388,.62419,-1.46386,-1.16117,0,0,-.50855,.57104,-1.32842,-1.82574,-2.44949,-1.70388,.62419
STU09,female,27,59,master,52, , , ,H38,Elevator2ME,H38,Elevator,1,-1,-1.649123333,-.127853333,-.829983333,-1.70388,-1.87256,-1.46386,-1.74175,-1.74176,-1.01709,-.50855,1.14208,-.66421,-1.82574,0,-1.70388,-1.87256
STU09,female,27,59,master,52, , , ,K32,Elevator2ME,K32,Elevator,1,-1,-.774113333,-.148683333,1.0379,0,-2.49675,0,-.58058,-1.74176,-1.01709,0,.57104,.66421,0,2.44949,0,-2.49675
STU10,female,25,62,master,14, , , ,J10,WC-K,J10,WC-K,1,-1,.948563333,-1.63246,0,-2.44949,0,-2.44949,2.39045,2.90473, ,-1.32843,-1.93649,0,0,0,-2.44949,0
STU10,female,25,62,master,14, , , ,J10,WC-H,J10,WC-H,1,-1,1.442313333,-1.63246,.645496667,-2.44949,0,0,2.39045,1.93649, ,-1.32843,-1.93649,0,0,1.93649,-2.44949,0
STU10,female,25,62,master,14, , , ,J10,K32,J10,K32,1,-1,.721156667,-1.328425,.43758,-2.44949,1.93649,0,1.19523,.96824, ,-2.65685,0,1.82574,-2.44949,1.93649,-2.44949,1.93649
STU10,female,25,62,master,14, , , ,J10,WC-L,J10,WC-L,1,-1,1.442313333,-.664215,1.254076667,-2.44949,1.93649,0,2.39045,1.93649, ,-1.32843,0,1.82574,0,1.93649,-2.44949,1.93649
STU10,female,25,62,master,14, , , ,J10,WC-J,J10,WC-J,1,-1,1.442313333,-1.328425,1.254076667,-2.44949,0,0,2.39045,1.93649, ,-2.65685,0,1.82574,0,1.93649,-2.44949,0
STU10,female,25,62,master,14, , , ,WC-K,WC-H,WC-H,WC-H,-1,-1,.49375,0,.645496667,0,0,2.44949,0,-.96824, ,0,0,0,0,1.93649,0,0
STU10,female,25,62,master,14, , , ,WC-K,K32,K32,WC-K,-1,1,-.227406667,.304035,.43758,0,1.93649,2.44949,-1.19522,-1.93649, ,-1.32842,1.93649,1.82574,-2.44949,1.93649,0,1.93649
STU10,female,25,62,master,14, , , ,WC-K,WC-L,WC-K,WC-K,1,1,.49375,.968245,1.254076667,0,1.93649,2.44949,0,-.96824, ,0,1.93649,1.82574,0,1.93649,0,1.93649
STU10,female,25,62,master,14, , , ,WC-K,WC-J,WC-J,WC-K,-1,1,.49375,.304035,1.254076667,0,0,2.44949,0,-.96824, ,-1.32842,1.93649,1.82574,0,1.93649,0,0
STU10,female,25,62,master,14, , , ,WC-H,K32,K32,WC-H,-1,1,-.721156667,.304035,-.207916667,0,1.93649,0,-1.19522,-.96825, ,-1.32842,1.93649,1.82574,-2.44949,0,0,1.93649
STU10,female,25,62,master,14, , , ,WC-H,WC-L,WC-H,WC-H,1,1,0,.968245,.60858,0,1.93649,0,0,0, ,0,1.93649,1.82574,0,0,0,1.93649
STU10,female,25,62,master,14, , , ,WC-H,WC-J,WC-H,WC-H,1,1,0,.304035,.60858,0,0,0,0,0, ,-1.32842,1.93649,1.82574,0,0,0,0
STU10,female,25,62,master,14, , , ,K32,WC-L,K32,WC-L,1,-1,.721156667,.66421,.816496667,0,0,0,1.19522,.96825, ,1.32842,0,0,2.44949,0,0,0
STU10,female,25,62,master,14, , , ,K32,WC-J,K32,WC-J,1,-1,.721156667,0,.816496667,0,-1.93649,0,1.19522,.96825, ,0,0,0,2.44949,0,0,-1.93649
STU10,female,25,62,master,14, , , ,WC-L,WC-J,WC-J,WC-J,-1,-1,0,-.66421,0,0,-1.93649,0,0,0, ,-1.32842,0,0,0,0,0,-1.93649
STU11,male,26,91,master,16, , , ,WC-J,H92,WC-J,WC-J,1,1,1.47043,-.145213333,1.855733333,.4277,2.01347,1.45237,1.74176,1.21716,0,-.86333,.42769,1.77704,1.39971,2.39045,.4277,2.01347
STU11,male,26,91,master,16, , , ,WC-J,K32,K32,K32,-1,-1,-.589916667,-1.732516667,-.381373333,-2.1385,.80539,0,-1.16117,-.60858,-1.32842,-2.15833,-1.7108,-.44427,-.69985,0,-2.1385,.80539
STU11,male,26,91,master,16, , , ,WC-J,WC-H,WC-H,WC-H,-1,-1,0,-1.58995,.201836667,0,2.01347,0,0,0,-1.32842,-2.15833,-1.2831,-.44427,1.04978,0,0,2.01347
STU11,male,26,91,master,16, , , ,WC-J,J10,J10,WC-J,-1,1,-1.286226667,-1.576166667,-.381373333,.4277,0,-1.45236,-.58058,-1.82574,0,-2.59,-2.1385,-.44427,-.69985,0,.4277,0
STU11,male,26,91,master,16, , , ,WC-J,H79,H79,H79,-1,-1,-.719133333,-.704333333,1.309236667,.4277,2.01347,-.96824,-.58058,-.60858,1.32843,-2.15833,-1.2831,1.33278,1.39971,1.19522,.4277,2.01347
STU11,male,26,91,master,16, , , ,H92,K32,K32,K32,-1,-1,-2.060346667,-1.587303333,-2.237106667,-2.5662,-1.20808,-1.45237,-2.90293,-1.82574,-1.32842,-1.295,-2.13849,-2.22131,-2.09956,-2.39045,-2.5662,-1.20808
STU11,male,26,91,master,16, , , ,H92,WC-H,WC-H,WC-H,-1,-1,-1.47043,-1.444736667,-1.653896667,-.4277,0,-1.45237,-1.74176,-1.21716,-1.32842,-1.295,-1.71079,-2.22131,-.34993,-2.39045,-.4277,0
STU11,male,26,91,master,16, , , ,H92,J10,J10,H92,-1,1,-2.756656667,-1.430953333,-2.237106667,0,-2.01347,-2.90473,-2.32234,-3.0429,0,-1.72667,-2.56619,-2.22131,-2.09956,-2.39045,0,-2.01347
STU11,male,26,91,master,16, , , ,H92,H79,H79,H79,-1,-1,-2.189563333,-.55912,-.546496667,0,0,-2.42061,-2.32234,-1.82574,1.32843,-1.295,-1.71079,-.44426,0,-1.19523,0,0
STU11,male,26,91,master,16, , , ,K32,WC-H,WC-H,K32,-1,1,.589916667,.142566667,.58321,2.1385,1.20808,0,1.16117,.60858,0,0,.4277,0,1.74963,0,2.1385,1.20808
STU11,male,26,91,master,16, , , ,K32,J10,J10,K32,-1,1,-.69631,.15635,0,2.5662,-.80539,-1.45236,.58059,-1.21716,1.32842,-.43167,-.4277,0,0,0,2.5662,-.80539
STU11,male,26,91,master,16, , , ,K32,H79,H79, ,-1, ,-.129216667,1.028183333,1.69061,2.5662,1.20808,-.96824,.58059,0,2.65685,0,.4277,1.77705,2.09956,1.19522,2.5662,1.20808
STU11,male,26,91,master,16, , , ,WC-H,J10, ,WC-H, ,1,-1.286226667,.013783333,-.58321,.4277,-2.01347,-1.45236,-.58058,-1.82574,1.32842,-.43167,-.8554,0,-1.74963,0,.4277,-2.01347
STU11,male,26,91,master,16, , , ,WC-H,H79,WC-H, ,1, ,-.719133333,.885616667,1.1074,.4277,0,-.96824,-.58058,-.60858,2.65685,0,0,1.77705,.34993,1.19522,.4277,0
STU11,male,26,91,master,16, , , ,J10,H79,J10,H79,1,-1,.567093333,.871833333,1.69061,0,2.01347,.48412,0,1.21716,1.32843,.43167,.8554,1.77705,2.09956,1.19522,0,2.01347
STU12,male,25,77,master,62, , , ,L11,H79,H79,H79,-1,-1,-1.668886667,-2.000676667,1.971453333,-.44426,1.01273,-1.50471,-2.03809,-1.46386,-1.22474,-2.90473,-1.87256,1.40385,2.06102,2.44949,-.44426,1.01273
STU12,male,25,77,master,62, , , ,L11,J10,J10,J10,-1,-1,-.487953333,-.730993333,.891966667,-.44426,1.01273,0,0,-1.46386,-1.22474,-.96824,0,.9359,.51525,1.22475,-.44426,1.01273
STU12,male,25,77,master,62, , , ,L11,WC-J,L11,WC-J,1,-1,-.243976667,-2.294243333,-.155983333,-1.77705,0,0,0,-.73193,-2.44949,-1.93649,-2.49675,-.46795,0,0,-1.77705,0
STU12,male,25,77,master,62, , , ,L11,H92,H92,H92,-1,-1,-.972,-1.555366667,1.547436667,-.88852,1.01273,-1.50471,-.67936,-.73193,-2.44949,-.96824,-1.24837,1.8718,1.54576,1.22475,-.88852,1.01273
STU12,male,25,77,master,62, , , ,L11,K32,K32,K32,-1,-1,-2.407623333,-1.555366667,-.327733333,-2.66557,-1.51911,-2.25707,-2.03809,-2.92771,-2.44949,-.96824,-1.24837,-.46795,-.51525,0,-2.66557,-1.51911
STU12,male,25,77,master,62, , , ,H79,J10,H79,H79,1,1,1.180933333,1.269683333,-1.079486667,0,0,1.50471,2.03809,0,0,1.93649,1.87256,-.46795,-1.54577,-1.22474,0,0
STU12,male,25,77,master,62, , , ,H79,WC-J,H79,H79,1,1,1.42491,-.293566667,-2.127436667,-1.33279,-1.01273,1.50471,2.03809,.73193,-1.22475,.96824,-.62419,-1.8718,-2.06102,-2.44949,-1.33279,-1.01273
STU12,male,25,77,master,62, , , ,H79,H92,H92, ,-1, ,.696886667,.44531,-.424016667,-.44426,0,0,1.35873,.73193,-1.22475,1.93649,.62419,.46795,-.51526,-1.22474,-.44426,0
STU12,male,25,77,master,62, , , ,H79,K32,K32,H79,-1,1,-.738736667,.44531,-2.299186667,-2.22131,-2.53184,-.75236,0,-1.46385,-1.22475,1.93649,.62419,-1.8718,-2.57627,-2.44949,-2.22131,-2.53184
STU12,male,25,77,master,62, , , ,J10,WC-J,J10,J10,1,1,.243976667,-1.56325,-1.04795,-1.33279,-1.01273,0,0,.73193,-1.22475,-.96825,-2.49675,-1.40385,-.51525,-1.22475,-1.33279,-1.01273
STU12,male,25,77,master,62, , , ,J10,H92,J10,H92,1,-1,-.484046667,-.824373333,.65547,-.44426,0,-1.50471,-.67936,.73193,-1.22475,0,-1.24837,.9359,1.03051,0,-.44426,0
STU12,male,25,77,master,62, , , ,J10,K32,J10,K32,1,-1,-1.91967,-.824373333,-1.2197,-2.22131,-2.53184,-2.25707,-2.03809,-1.46385,-1.22475,0,-1.24837,-1.40385,-1.0305,-1.22475,-2.22131,-2.53184
STU12,male,25,77,master,62, , , ,WC-J,H92,H92,H92,-1,-1,-.728023333,.738876667,1.70342,.88853,1.01273,-1.50471,-.67936,0,0,.96825,1.24838,2.33975,1.54576,1.22475,.88853,1.01273
STU12,male,25,77,master,62, , , ,WC-J,K32,K32,K32,-1,-1,-2.163646667,.738876667,-.17175,-.88852,-1.51911,-2.25707,-2.03809,-2.19578,0,.96825,1.24838,0,-.51525,0,-.88852,-1.51911
STU12,male,25,77,master,62, , , ,H92,K32,K32,H92,-1,1,-1.435623333,0,-1.87517,-1.77705,-2.53184,-.75236,-1.35873,-2.19578,0,0,0,-2.33975,-2.06101,-1.22475,-1.77705,-2.53184
STU13,male,25,85,master,51, , , ,WC-J,J10,J10,J10,-1,-1,-1.77013,-2.252516667,-1.176743333,-.67936,0,-2.18002,-1.51911,-1.61126,-2.82842,-1.99264,-1.93649,-1.38379,-1.2831,-.86334,-.67936,0
STU13,male,25,85,master,51, , , ,WC-J,L12,L12,L12,-1,-1,.337576667,-.457106667,-1.02299,-.67936,2.47716,0,1.01273,0,-.7071,-.66422,0,-.92253,-1.2831,-.86334,-.67936,2.47716
STU13,male,25,85,master,51, , , ,WC-J,K32,K32,K32,-1,-1,-1.08209,-2.23822,-.736533333,-.67936,.82572,-1.63501,0,-1.61126,-2.12132,-2.65685,-1.93649,-.92253,-.8554,-.43167,-.67936,.82572
STU13,male,25,85,master,51, , , ,WC-J,H92, ,H92, ,-1,.516603333,-1.135616667,1.024306667,1.35873,1.65144,0,1.01273,.53708,-1.41421,-1.99264,0,.92253,.8554,1.29499,1.35873,1.65144
STU13,male,25,85,master,51, , , ,WC-J,H79, ,H79, ,-1,.516603333,-1.135616667,1.024306667,1.35873,1.65144,0,1.01273,.53708,-1.41421,-1.99264,0,.92253,.8554,1.29499,1.35873,1.65144
STU13,male,25,85,master,51, , , ,J10,L12,J10, ,1, ,2.107706667,1.79541,.153753333,0,2.47716,2.18002,2.53184,1.61126,2.12132,1.32842,1.93649,.46126,0,0,0,2.47716
STU13,male,25,85,master,51, , , ,J10,K32,J10,K32,1,-1,.68804,.014296667,.44021,0,.82572,.54501,1.51911,0,.7071,-.66421,0,.46126,.4277,.43167,0,.82572
STU13,male,25,85,master,51, , , ,J10,H92,J10,J10,1,1,2.286733333,1.1169,2.20105,2.03809,1.65144,2.18002,2.53184,2.14834,1.41421,0,1.93649,2.30632,2.1385,2.15833,2.03809,1.65144
STU13,male,25,85,master,51, , , ,J10,H79,J10,J10,1,1,2.286733333,1.1169,2.20105,2.03809,1.65144,2.18002,2.53184,2.14834,1.41421,0,1.93649,2.30632,2.1385,2.15833,2.03809,1.65144
STU13,male,25,85,master,51, , , ,L12,K32,K32,K32,-1,-1,-1.419666667,-1.781113333,.286456667,0,-1.65144,-1.63501,-1.01273,-1.61126,-1.41422,-1.99263,-1.93649,0,.4277,.43167,0,-1.65144
STU13,male,25,85,master,51, , , ,L12,H92,L12,H92,1,-1,.179026667,-.67851,2.047296667,2.03809,-.82572,0,0,.53708,-.70711,-1.32842,0,1.84506,2.1385,2.15833,2.03809,-.82572
STU13,male,25,85,master,51, , , ,L12,H79,L12,H79,1,-1,.179026667,-.67851,2.047296667,2.03809,-.82572,0,0,.53708,-.70711,-1.32842,0,1.84506,2.1385,2.15833,2.03809,-.82572
STU13,male,25,85,master,51, , , ,K32,H92, ,K32, ,1,1.598693333,1.102603333,1.76084,2.03809,.82572,1.63501,1.01273,2.14834,.70711,.66421,1.93649,1.84506,1.7108,1.72666,2.03809,.82572
STU13,male,25,85,master,51, , , ,K32,H79, ,K32, ,1,1.598693333,1.102603333,1.76084,2.03809,.82572,1.63501,1.01273,2.14834,.70711,.66421,1.93649,1.84506,1.7108,1.72666,2.03809,.82572
STU13,male,25,85,master,51, , , ,H92,H79, , , , ,0,0,0,0,0,0,0,0,0,0,0,0,0,0,0,0
STU14,male,24,82,master,52, , , ,K13,J10,J10,K13,-1,1,-1.09223,-1.606053333,-1.018173333,-.8554,-2.14834,-1.45095,-1.82574,-1.11803,-1.32842,-2.37171,-1.93649,-1.11803,0,-.8554,-2.14834, 
STU14,male,24,82,master,52, , , ,K13,H79,H79,K13,-1,1,.786153333,.815486667,.60858,0,-.53709,.72547,0,1.11803,1.32843,0,0,0,1.82574,0,-.53709, 
STU14,male,24,82,master,52, , , ,K13,WC-J,K13,K13,1,1,-.850406667,-.263523333,.981256667,-.8554,-2.14834,-.72548,-1.82574,0,0,-.79057,0,1.11803,1.82574,-.8554,-2.14834, 
STU14,male,24,82,master,52, , , ,K13,K32,K32,K32,-1,-1,-1.364393333,-1.34253,-1.018173333,-2.56619,-2.14834,-1.45095,-1.82574,-1.11803,-1.32842,-1.58114,-1.93649,-1.11803,0,-2.56619,-2.14834, 
STU14,male,24,82,master,52, , , ,K13,H92,H92,K13,-1,1,.786153333,.372676667,.981256667,0,-.53709,.72547,0,1.11803,0,0,0,1.11803,1.82574,0,-.53709, 
STU14,male,24,82,master,52, , , ,J10,H79,J10,H79,1,-1,1.878383333,2.42154,1.626753333,.8554,1.61125,2.17642,1.82574,2.23606,2.65685,2.37171,1.93649,1.11803,1.82574,.8554,1.61125, 
STU14,male,24,82,master,52, , , ,J10,WC-J,J10,J10,1,1,.241823333,1.34253,1.99943,0,0,.72547,0,1.11803,1.32842,1.58114,1.93649,2.23606,1.82574,0,0, 
STU14,male,24,82,master,52, , , ,J10,K32, ,K32, ,-1,-.272163333,.263523333,0,-1.71079,0,0,0,0,0,.79057,0,0,0,-1.71079,0, 
STU14,male,24,82,master,52, , , ,J10,H92,J10,J10,1,1,1.878383333,1.97873,1.99943,.8554,1.61125,2.17642,1.82574,2.23606,1.32842,2.37171,1.93649,2.23606,1.82574,.8554,1.61125, 
STU14,male,24,82,master,52, , , ,H79,WC-J,H79,WC-J,1,-1,-1.63656,-1.07901,.372676667,-.8554,-1.61125,-1.45095,-1.82574,-1.11803,-1.32843,-.79057,0,1.11803,0,-.8554,-1.61125, 
STU14,male,24,82,master,52, , , ,H79,K32,K32,K32,-1,-1,-2.150546667,-2.158016667,-1.626753333,-2.56619,-1.61125,-2.17642,-1.82574,-2.23606,-2.65685,-1.58114,-1.93649,-1.11803,-1.82574,-2.56619,-1.61125, 
STU14,male,24,82,master,52, , , ,H79,H92, , , , ,0,-.44281,.372676667,0,0,0,0,0,-1.32843,0,0,1.11803,0,0,0, 
STU14,male,24,82,master,52, , , ,WC-J,K32,K32,K32,-1,-1,-.513986667,-1.079006667,-1.99943,-1.71079,0,-.72547,0,-1.11803,-1.32842,-.79057,-1.93649,-2.23606,-1.82574,-1.71079,0, 
STU14,male,24,82,master,52, , , ,WC-J,H92,H92,WC-J,-1,1,1.63656,.6362,0,.8554,1.61125,1.45095,1.82574,1.11803,0,.79057,0,0,0,.8554,1.61125, 
STU14,male,24,82,master,52, , , ,K32,H92,K32,K32,1,1,2.150546667,1.715206667,1.99943,2.56619,1.61125,2.17642,1.82574,2.23606,1.32842,1.58114,1.93649,2.23606,1.82574,2.56619,1.61125, 
STU15,male,29,54,master,27, , , ,L11,L40,L11,L11,1,1,2.54632,2.427916667,1.09285,0,.9798,2.71746,2.68543,2.23607,2.0381,2.8552,2.39045,.53709,1.65145,1.09001,0,.9798
STU15,male,29,54,master,27, , , ,L11,J10,J10,L11,-1,1,.21915,-.036106667,-1.35469,-1.93649,-1.46969,.67937,.53709,-.55901,-.67936,.57104,0,-2.14834,-.82572,-1.09001,-1.93649,-1.46969
STU15,male,29,54,master,27, , , ,L11,L12,L11,L11,1,1,1.76816,.190346667,-1.357326667,-1.93649,.9798,2.0381,2.14834,1.11804,0,.57104,0,-1.61125,-.82572,-1.63501,-1.93649,.9798
STU15,male,29,54,master,27, , , ,L11,K32,L11,L11,1,1,1.402793333,1.23201,-.996633333,-1.93649,.9798,2.0381,1.61126,.55902,1.35873,1.14208,1.19522,-1.07417,-.82572,-1.09001,-1.93649,.9798
STU15,male,29,54,master,27, , , ,L11,Elevator2ME,L11,Elevator,1,-1,.989996667,.416803333,-.996633333,-1.93649,.9798,1.35873,1.61126,0,.67937,.57104,0,-1.07417,-.82572,-1.09001,-1.93649,.9798
STU15,male,29,54,master,27, , , ,L40,J10,J10,J10,-1,-1,-2.32717,-2.464023333,-2.44754,-1.93649,-2.44949,-2.03809,-2.14834,-2.79508,-2.71746,-2.28416,-2.39045,-2.68543,-2.47717,-2.18002,-1.93649,-2.44949
STU15,male,29,54,master,27, , , ,L40,L12,L12,L12,-1,-1,-.77816,-2.23757,-2.450176667,-1.93649,0,-.67936,-.53709,-1.11803,-2.0381,-2.28416,-2.39045,-2.14834,-2.47717,-2.72502,-1.93649,0
STU15,male,29,54,master,27, , , ,L40,K32,K32,K32,-1,-1,-1.143526667,-1.195906667,-2.089483333,-1.93649,0,-.67936,-1.07417,-1.67705,-.67937,-1.71312,-1.19523,-1.61126,-2.47717,-2.18002,-1.93649,0
STU15,male,29,54,master,27, , , ,L40,Elevator2ME,Elevator,Elevator,-1,-1,-1.556323333,-2.011113333,-2.089483333,-1.93649,0,-1.35873,-1.07417,-2.23607,-1.35873,-2.28416,-2.39045,-1.61126,-2.47717,-2.18002,-1.93649,0
STU15,male,29,54,master,27, , , ,J10,L12,J10, ,1, ,1.54901,.226453333,-.002636667,0,2.44949,1.35873,1.61125,1.67705,.67936,0,0,.53709,0,-.545,0,2.44949
STU15,male,29,54,master,27, , , ,J10,K32,J10,J10,1,1,1.183643333,1.268116667,.358056667,0,2.44949,1.35873,1.07417,1.11803,2.03809,.57104,1.19522,1.07417,0,0,0,2.44949
STU15,male,29,54,master,27, , , ,J10,Elevator2ME,J10,Elevator,1,-1,.770846667,.45291,.358056667,0,2.44949,.67936,1.07417,.55901,1.35873,0,0,1.07417,0,0,0,2.44949
STU15,male,29,54,master,27, , , ,L12,K32,K32,L12,-1,1,-.365366667,1.041663333,.360693333,0,0,0,-.53708,-.55902,1.35873,.57104,1.19522,.53708,0,.545,0,0
STU15,male,29,54,master,27, , , ,L12,Elevator2ME,L12,Elevator,1,-1,-.778163333,.226456667,.360693333,0,0,-.67937,-.53708,-1.11804,.67937,0,0,.53708,0,.545,0,0
STU15,male,29,54,master,27, , , ,K32,Elevator2ME,K32,Elevator,1,-1,-.412796667,-.815206667,0,0,0,-.67937,0,-.55902,-.67936,-.57104,-1.19522,0,0,0,0,0
STU16,female,24,58,master,51, , , ,L11,L40,L11,L11,1,1,0,2.085406667,0,-.42257,0,0,0,0,2.14835,1.8718,2.23607,0,0,0,-.42257,0
STU16,female,24,58,master,51, , , ,L11,J10,L11,L11,1,1,-1.353166667,-.14867,-1.830963333,-.42257,-2.73861,-1.24928,-1.56094,-1.24928,-.53708,-.46795,.55902,-1.77705,-1.58114,-2.1347,-.42257,-2.73861
STU16,female,24,58,master,51, , , ,L11,H79,H79,H79,-1,-1,0,.707693333,-.622463333,0,-.91287,0,0,0,.53709,.46795,1.11804,-.44426,0,-1.42313,0,-.91287
STU16,female,24,58,master,51, , , ,L11,Elevator2ME,Elevator,Elevator,-1,-1,-2.44618,-.490993333,-2.242573333,-2.11288,-.91287,-2.49856,-2.34142,-2.49856,-.53708,-.9359,0,-2.22131,-2.37171,-2.1347,-2.11288,-.91287
STU16,female,24,58,master,51, , , ,L11,WC-H, ,WC-H, ,-1,-.94547,-.16329,-1.448846667,-2.11288,-.91287,-.83285,-1.17071,-.83285,.53709,-.46795,-.55901,-1.77705,-.79057,-1.77892,-2.11288,-.91287
STU16,female,24,58,master,51, , , ,L40,J10,J10, ,-1, ,-1.353166667,-2.234076667,-1.830963333,0,-2.73861,-1.24928,-1.56094,-1.24928,-2.68543,-2.33975,-1.67705,-1.77705,-1.58114,-2.1347,0,-2.73861
STU16,female,24,58,master,51, , , ,L40,H79,H79,H79,-1,-1,0,-1.377713333,-.622463333,.42257,-.91287,0,0,0,-1.61126,-1.40385,-1.11803,-.44426,0,-1.42313,.42257,-.91287
STU16,female,24,58,master,51, , , ,L40,Elevator2ME,Elevator,Elevator,-1,-1,-2.44618,-2.5764,-2.242573333,-1.69031,-.91287,-2.49856,-2.34142,-2.49856,-2.68543,-2.8077,-2.23607,-2.22131,-2.37171,-2.1347,-1.69031,-.91287
STU16,female,24,58,master,51, , , ,L40,WC-H,WC-H,WC-H,-1,-1,-.94547,-2.248696667,-1.448846667,-1.69031,-.91287,-.83285,-1.17071,-.83285,-1.61126,-2.33975,-2.79508,-1.77705,-.79057,-1.77892,-1.69031,-.91287
STU16,female,24,58,master,51, , , ,J10,H79,H79,H79,-1,-1,1.353166667,.856363333,1.2085,.42257,1.82574,1.24928,1.56094,1.24928,1.07417,.9359,.55902,1.33279,1.58114,.71157,.42257,1.82574
STU16,female,24,58,master,51, , , ,J10,Elevator2ME,Elevator,Elevator,-1,-1,-1.093013333,-.342323333,-.41161,-1.69031,1.82574,-1.24928,-.78048,-1.24928,0,-.46795,-.55902,-.44426,-.79057,0,-1.69031,1.82574
STU16,female,24,58,master,51, , , ,J10,WC-H,J10,WC-H,1,-1,.407696667,-.01462,.382116667,-1.69031,1.82574,.41643,.39023,.41643,1.07417,0,-1.11803,0,.79057,.35578,-1.69031,1.82574
STU16,female,24,58,master,51, , , ,H79,Elevator2ME,Elevator,Elevator,-1,-1,-2.44618,-1.198686667,-1.62011,-2.11288,0,-2.49856,-2.34142,-2.49856,-1.07417,-1.40385,-1.11804,-1.77705,-2.37171,-.71157,-2.11288,0
STU16,female,24,58,master,51, , , ,H79,WC-H,H79,WC-H,1,-1,-.94547,-.870983333,-.826383333,-2.11288,0,-.83285,-1.17071,-.83285,0,-.9359,-1.67705,-1.33279,-.79057,-.35579,-2.11288,0
STU16,female,24,58,master,51, , , ,Elevator2ME,WC-H,Elevator,Elevator,1,1,1.50071,.327703333,.793726667,0,0,1.66571,1.17071,1.66571,1.07417,.46795,-.55901,.44426,1.58114,.35578,0,0
STU17,male,27,66,master,54, , , ,H38,WC-J,H38,H38,1,1,1.226673333,1.664453333,-1.223843333,-2.24356,.59762,1.5,0,2.18002,1.24838,1.71079,2.03419,-1.75412,-1.91741,0,-2.24356,.59762
STU17,male,27,66,master,54, , , ,H38,H92,H38,H38,1,1,1.991623333,2.704743333,.28042,0,2.39046,2,1.79485,2.18002,2.49675,2.56619,3.05129,0,-.38349,1.22475,0,2.39046
STU17,male,27,66,master,54, , , ,H38,WC-H,H38,WC-H,1,-1,.19667,.859173333,-.669416667,-1.79485,1.19523,-.5,0,1.09001,.62419,.42769,1.52564,-1.31559,-1.91741,1.22475,-1.79485,1.19523
STU17,male,27,66,master,54, , , ,H38,J10,H38,H38,1,1,1.525816667,1.664453333,-1.906096667,-.89743,.59762,1.5,.89743,2.18002,1.24838,1.71079,2.03419,-2.19265,-2.3009,-1.22474,-.89743,.59762
STU17,male,27,66,master,54, , , ,H38,H79,H38,H38,1,1,2.156193333,2.053626667,.28042,0,2.39046,1.5,2.24356,2.72502,2.49675,2.13849,1.52564,0,-.38349,1.22475,0,2.39046
STU17,male,27,66,master,54, , , ,WC-J,H92,WC-J, ,1, ,.76495,1.04029,1.504263333,2.24356,1.79284,.5,1.79485,0,1.24837,.8554,1.0171,1.75412,1.53392,1.22475,2.24356,1.79284
STU17,male,27,66,master,54, , , ,WC-J,WC-H,WC-H,WC-H,-1,-1,-1.030003333,-.80528,.554426667,.44871,.59761,-2,0,-1.09001,-.62419,-1.2831,-.50855,.43853,0,1.22475,.44871,.59761
STU17,male,27,66,master,54, , , ,WC-J,J10,WC-J,WC-J,1,1,.299143333,0,-.682253333,1.34613,0,0,.89743,0,0,0,0,-.43853,-.38349,-1.22474,1.34613,0
STU17,male,27,66,master,54, , , ,WC-J,H79,H79,WC-J,-1,1,.92952,.389173333,1.504263333,2.24356,1.79284,0,2.24356,.545,1.24837,.4277,-.50855,1.75412,1.53392,1.22475,2.24356,1.79284
STU17,male,27,66,master,54, , , ,H92,WC-H,WC-H,WC-H,-1,-1,-1.794953333,-1.84557,-.949836667,-1.79485,-1.19523,-2.5,-1.79485,-1.09001,-1.87256,-2.1385,-1.52565,-1.31559,-1.53392,0,-1.79485,-1.19523
STU17,male,27,66,master,54, , , ,H92,J10,J10, ,-1, ,-.465806667,-1.04029,-2.186516667,-.89743,-1.79284,-.5,-.89742,0,-1.24837,-.8554,-1.0171,-2.19265,-1.91741,-2.44949,-.89743,-1.79284
STU17,male,27,66,master,54, , , ,H92,H79,H79,H79,-1,-1,.16457,-.651116667,0,0,0,-.5,.44871,.545,0,-.4277,-1.52565,0,0,0,0,0
STU17,male,27,66,master,54, , , ,WC-H,J10,WC-H,WC-H,1,1,1.329146667,.80528,-1.23668,.89742,-.59761,2,.89743,1.09001,.62419,1.2831,.50855,-.87706,-.38349,-2.44949,.89742,-.59761
STU17,male,27,66,master,54, , , ,WC-H,H79,WC-H,WC-H,1,1,1.959523333,1.194453333,.949836667,1.79485,1.19523,2,2.24356,1.63501,1.87256,1.7108,0,1.31559,1.53392,0,1.79485,1.19523
STU17,male,27,66,master,54, , , ,J10,H79,H79,H79,-1,-1,.630376667,.389173333,2.186516667,.89743,1.79284,0,1.34613,.545,1.24837,.4277,-.50855,2.19265,1.91741,2.44949,.89743,1.79284
STU18,male,25,88,master,63, , , ,WC-K,J10,J10,WC-K,-1,1,-.380256667,-.61801,.356346667,2.24356,1.93649,-1.74176,1.82574,-1.22475,-.96824,.72547,-1.61126,0,1.06904,0,2.24356,1.93649
STU18,male,25,88,master,63, , , ,WC-K,WC-J,WC-J,WC-J,-1,-1,.60858,-.232463333,.586423333,0,1.54919,0,1.82574,0,0,1.45095,-2.14834,1.22475,.53452,0,0,1.54919
STU18,male,25,88,master,63, , , ,WC-K,H38,H38,WC-K,-1,1,-.795306667,.350233333,2.45972,1.79485,2.32379,-1.16117,0,-1.22475,1.93649,.72547,-1.61126,2.44949,2.67261,2.25706,1.79485,2.32379
STU18,male,25,88,master,63, , , ,WC-K,WC-H,WC-K,WC-K,1,1,1.210353333,1.29005,1.087993333,.89743,2.32379,.58058,1.82574,1.22474,.96825,2.9019,0,1.22475,.53452,1.50471,.89743,2.32379
STU18,male,25,88,master,63, , , ,WC-K,K32,K32,K32,-1,-1,-.988836667,-.47429,0,0,.38729,-1.74176,0,-1.22475,0,.72547,-2.14834,0,0,0,0,.38729
STU18,male,25,88,master,63, , , ,J10,WC-J,J10,WC-J,1,-1,.988836667,.385546667,.230076667,-2.24356,-.3873,1.74176,0,1.22475,.96824,.72548,-.53708,1.22475,-.53452,0,-2.24356,-.3873
STU18,male,25,88,master,63, , , ,J10,H38,H38,J10,-1,1,-.41505,.968243333,2.103373333,-.44871,.3873,.58059,-1.82574,0,2.90473,0,0,2.44949,1.60357,2.25706,-.44871,.3873
STU18,male,25,88,master,63, , , ,J10,WC-H,J10, ,1, ,1.59061,1.90806,.731646667,-1.34613,.3873,2.32234,0,2.44949,1.93649,2.17643,1.61126,1.22475,-.53452,1.50471,-1.34613,.3873
STU18,male,25,88,master,63, , , ,J10,K32,K32,K32,-1,-1,-.60858,.14372,-.356346667,-2.24356,-1.5492,0,-1.82574,0,.96824,0,-.53708,0,-1.06904,0,-2.24356,-1.5492
STU18,male,25,88,master,63, , , ,WC-J,H38,H38,WC-J,-1,1,-1.403886667,.582696667,1.873296667,1.79485,.7746,-1.16117,-1.82574,-1.22475,1.93649,-.72548,.53708,1.22474,2.13809,2.25706,1.79485,.7746
STU18,male,25,88,master,63, , , ,WC-J,WC-H,WC-J,WC-J,1,1,.601773333,1.522513333,.50157,.89743,.7746,.58058,0,1.22474,.96825,1.45095,2.14834,0,0,1.50471,.89743,.7746
STU18,male,25,88,master,63, , , ,WC-J,K32,K32,K32,-1,-1,-1.597416667,-.241826667,-.586423333,0,-1.1619,-1.74176,-1.82574,-1.22475,0,-.72548,0,-1.22475,-.53452,0,0,-1.1619
STU18,male,25,88,master,63, , , ,H38,WC-H,H38, ,1, ,2.00566,.939816667,-1.371726667,-.89742,0,1.74175,1.82574,2.44949,-.96824,2.17643,1.61126,-1.22474,-2.13809,-.75235,-.89742,0
STU18,male,25,88,master,63, , , ,H38,K32,H38,K32,1,-1,-.19353,-.824523333,-2.45972,-1.79485,-1.9365,-.58059,0,0,-1.93649,0,-.53708,-2.44949,-2.67261,-2.25706,-1.79485,-1.9365
STU18,male,25,88,master,63, , , ,WC-H,K32,K32,K32,-1,-1,-2.19919,-1.76434,-1.087993333,-.89743,-1.9365,-2.32234,-1.82574,-2.44949,-.96825,-2.17643,-2.14834,-1.22475,-.53452,-1.50471,-.89743,-1.9365
FS018,female,37,65,scientific staff,26,J,82, ,WC-L,Elevator2ME,Elevator,Elevator,-1,-1,1.162052111,.315909522,2.108481801,2.449489743,.645497225,1.2080809,1.665702997,.612372435,-.679366221,.537086156,1.09000863,2.257064382,2.034190511,2.034190511,2.449489743,.645497225
FS018,female,37,65,scientific staff,26,J,82, ,WC-L,L12,WC-L, ,1, ,1.366176256,1.442787294,1.179633367,1.224744872,2.581988898,1.2080809,1.665702997,1.224744871,0,2.148344623,2.180017259,1.504709588,1.017095256,1.017095256,1.224744872,2.581988898
FS018,female,37,65,scientific staff,26,J,82, ,WC-L,L40,WC-L,WC-L,1,1,1.366176256,2.122153514,1.85769687,2.449489743,1.936491673,1.2080809,1.665702997,1.224744871,2.038098661,2.148344623,2.180017259,1.504709588,2.034190511,2.034190511,2.449489743,1.936491673
FS018,female,37,65,scientific staff,26,J,82, ,WC-L,L11,WC-L,L11,1,-1,-.676710713,.497577626,0,2.449489743,.645497225,-.805387266,0,-1.224744872,-.679366221,.537086156,1.635012944,0,0,0,2.449489743,.645497225
FS018,female,37,65,scientific staff,26,J,82, ,WC-L,J10,J10,J10,-1,-1,-.61139515,0,0,1.224744872,1.936491673,-.805387266,-.416425749,-.612372436,0,0,0,0,0,0,1.224744872,1.936491673
FS018,female,37,65,scientific staff,26,J,82, ,Elevator2ME,L12,Elevator,Elevator,1,1,.204124145,1.126877772,-.928848435,-1.224744871,1.936491673,0,0,.612372436,.679366221,1.611258467,1.090008629,-.752354794,-1.017095255,-1.017095255,-1.224744871,1.936491673
FS018,female,37,65,scientific staff,26,J,82, ,Elevator2ME,L40,Elevator,Elevator,1,1,.204124145,1.806243993,-.250784931,0,1.290994448,0,0,.612372436,2.717464882,1.611258467,1.090008629,-.752354794,0,0,0,1.290994448
FS018,female,37,65,scientific staff,26,J,82, ,Elevator2ME,L11,Elevator,Elevator,1,1,-1.838762823,.181668105,-2.108481801,0,0,-2.013468166,-1.665702997,-1.837117307,0,0,.545004314,-2.257064382,-2.034190511,-2.034190511,0,0
FS018,female,37,65,scientific staff,26,J,82, ,Elevator2ME,J10,Elevator,Elevator,1,1,-1.773447261,-.315909522,-2.108481801,-1.224744871,1.290994448,-2.013468166,-2.082128746,-1.224744871,.679366221,-.537086156,-1.09000863,-2.257064382,-2.034190511,-2.034190511,-1.224744871,1.290994448
FS018,female,37,65,scientific staff,26,J,82, ,L12,L40,L12,L12,1,1,0,.67936622,.678063503,1.224744871,-.645497225,0,0,0,2.038098661,0,0,0,1.017095255,1.017095255,1.224744871,-.645497225
FS018,female,37,65,scientific staff,26,J,82, ,L12,L11,L11,L11,-1,-1,-2.042886969,-.945209668,-1.179633367,1.224744871,-1.936491673,-2.013468166,-1.665702997,-2.449489743,-.679366221,-1.611258467,-.545004315,-1.504709588,-1.017095256,-1.017095256,1.224744871,-1.936491673
FS018,female,37,65,scientific staff,26,J,82, ,L12,J10,J10,J10,-1,-1,-1.977571406,-1.442787294,-1.179633367,0,-.645497225,-2.013468166,-2.082128746,-1.837117307,0,-2.148344623,-2.180017259,-1.504709588,-1.017095256,-1.017095256,0,-.645497225
FS018,female,37,65,scientific staff,26,J,82, ,L40,L11,L11,L11,-1,-1,-2.042886969,-1.624575888,-1.85769687,0,-1.290994448,-2.013468166,-1.665702997,-2.449489743,-2.717464882,-1.611258467,-.545004315,-1.504709588,-2.034190511,-2.034190511,0,-1.290994448
FS018,female,37,65,scientific staff,26,J,82, ,L40,J10,L40,L40,1,1,-1.977571406,-2.122153514,-1.85769687,-1.224744871,0,-2.013468166,-2.082128746,-1.837117307,-2.038098661,-2.148344623,-2.180017259,-1.504709588,-2.034190511,-2.034190511,-1.224744871,0
FS018,female,37,65,scientific staff,26,J,82, ,L11,J10,J10,J10,-1,-1,.065315562,-.497577626,0,-1.224744871,1.290994448,0,-.416425749,.612372436,.679366221,-.537086156,-1.635012944,0,0,0,-1.224744871,1.290994448
STU19,female,24,78,master,52, , , ,WC-J,J10,WC-J,WC-J,1,1,-1.228076667,.88382,-.561796667,1.32842,1.22475,0,-1.11803,-2.5662,0,1.82574,.82572,-.95346,-.73193,0,1.32842,1.22475
STU19,female,24,78,master,52, , , ,WC-J,K32,K32,K32,-1,-1,-1.298206667,2.492556667,-1.367566667,-1.32843,.61238,-1.32842,0,-2.5662,2.56619,2.43432,2.47716,-1.90692,-2.19578,0,-1.32843,.61238
STU19,female,24,78,master,52, , , ,WC-J,WC-H,WC-H,WC-H,-1,-1,.530353333,.20286,0,0,-.61237,1.32843,1.11803,-.8554,0,.60858,0,0,0,0,0,-.61237
STU19,female,24,78,master,52, , , ,WC-J,L11,WC-J,WC-J,1,1,-.19759,1.444193333,-.561796667,0,1.83712,0,1.11803,-1.7108,.8554,1.82574,1.65144,-.95346,-.73193,0,0,1.83712
STU19,female,24,78,master,52, , , ,WC-J,H38,WC-J,WC-J,1,1,-1.38575,1.647053333,1.378293333,1.32842,1.83712,-1.32842,-1.11803,-1.7108,.8554,2.43432,1.65144,.95346,.73193,2.44949,1.32842,1.83712
STU19,female,24,78,master,52, , , ,J10,K32,J10,K32,1,-1,-.07013,1.608736667,-.80577,-2.65685,-.61237,-1.32842,1.11803,0,2.56619,.60858,1.65144,-.95346,-1.46385,0,-2.65685,-.61237
STU19,female,24,78,master,52, , , ,J10,WC-H,WC-H,WC-H,-1,-1,1.75843,-.68096,.561796667,-1.32842,-1.83712,1.32843,2.23606,1.7108,0,-1.21716,-.82572,.95346,.73193,0,-1.32842,-1.83712
STU19,female,24,78,master,52, , , ,J10,L11,J10,J10,1,1,1.030486667,.560373333,0,-1.32842,.61237,0,2.23606,.8554,.8554,0,.82572,0,0,0,-1.32842,.61237
STU19,female,24,78,master,52, , , ,J10,H38,J10,H38,1,-1,-.157673333,.763233333,1.94009,0,.61237,-1.32842,0,.8554,.8554,.60858,.82572,1.90692,1.46386,2.44949,0,.61237
STU19,female,24,78,master,52, , , ,K32,WC-H,WC-H,K32,-1,1,1.82856,-2.289696667,1.367566667,1.32843,-1.22475,2.65685,1.11803,1.7108,-2.56619,-1.82574,-2.47716,1.90692,2.19578,0,1.32843,-1.22475
STU19,female,24,78,master,52, , , ,K32,L11,K32,K32,1,1,1.100616667,-1.048363333,.80577,1.32843,1.22474,1.32842,1.11803,.8554,-1.71079,-.60858,-.82572,.95346,1.46385,0,1.32843,1.22474
STU19,female,24,78,master,52, , , ,K32,H38,K32,K32,1,1,-.087543333,-.845503333,2.74586,2.65685,1.22474,0,-1.11803,.8554,-1.71079,0,-.82572,2.86038,2.92771,2.44949,2.65685,1.22474
STU19,female,24,78,master,52, , , ,WC-H,L11,WC-H,WC-H,1,1,-.727943333,1.241333333,-.561796667,0,2.44949,-1.32843,0,-.8554,.8554,1.21716,1.65144,-.95346,-.73193,0,0,2.44949
STU19,female,24,78,master,52, , , ,WC-H,H38,WC-H,WC-H,1,1,-1.916103333,1.444193333,1.378293333,1.32842,2.44949,-2.65685,-2.23606,-.8554,.8554,1.82574,1.65144,.95346,.73193,2.44949,1.32842,2.44949
STU19,female,24,78,master,52, , , ,L11,H38,H38,H38,-1,-1,-1.18816,.20286,1.94009,1.32842,0,-1.32842,-2.23606,0,0,.60858,0,1.90692,1.46386,2.44949,1.32842,0
STU20,male,24,70,master,54, , , ,H79,J10,J10,H79,-1,1,-1.34105,-.673593333,-1.838913333,0,-1.32842,0,-2.37171,-1.65144,-1.22474,-1.65144,.8554,-1.46969,-2.22131,-1.82574,0,-1.32842
STU20,male,24,70,master,54, , , ,H79,K13,K13,H79,-1,1,-1.61629,.13301,-1.675616667,-1.19522,.66421,-1.58114,-.79057,-2.47716,1.22475,-.82572,0,-.9798,-2.22131,-1.82574,-1.19522,.66421
STU20,male,24,70,master,54, , , ,H79,H92, , , , ,-2.143336667,.113223333,.178513333,0,0,-2.37171,-1.58114,-2.47716,1.22475,.82572,-1.7108,.9798,-.44426,0,0,0
STU20,male,24,70,master,54, , , ,H79,WC-J,WC-J,H79,-1,1,-.538763333,.418143333,-1.20093,-2.39045,-1.99264,-.79057,0,-.82572,1.22475,-.82572,.8554,0,-1.77705,-1.82574,-2.39045,-1.99264
STU20,male,24,70,master,54, , , ,H79,H38,H79,H79,1,1,-.27524,-.009893333,.178513333,0,0,0,0,-.82572,0,.82572,-.8554,.9798,-.44426,0,0,0
STU20,male,24,70,master,54, , , ,J10,K13,J10,J10,1,1,-.27524,.806603333,.163296667,-1.19522,1.99263,-1.58114,1.58114,-.82572,2.44949,.82572,-.8554,.48989,0,0,-1.19522,1.99263
STU20,male,24,70,master,54, , , ,J10,H92,J10,H92,1,-1,-.802286667,.786816667,2.017426667,0,1.32842,-2.37171,.79057,-.82572,2.44949,2.47716,-2.5662,2.44949,1.77705,1.82574,0,1.32842
STU20,male,24,70,master,54, , , ,J10,WC-J,J10,J10,1,1,.802286667,1.091736667,.637983333,-2.39045,-.66422,-.79057,2.37171,.82572,2.44949,.82572,0,1.46969,.44426,0,-2.39045,-.66422
STU20,male,24,70,master,54, , , ,J10,H38,J10,H38,1,-1,1.06581,.6637,2.017426667,0,1.32842,0,2.37171,.82572,1.22474,2.47716,-1.7108,2.44949,1.77705,1.82574,0,1.32842
STU20,male,24,70,master,54, , , ,K13,H92,H92,H92,-1,-1,-.527046667,-.019786667,1.85413,1.19522,-.66421,-.79057,-.79057,0,0,1.65144,-1.7108,1.9596,1.77705,1.82574,1.19522,-.66421
STU20,male,24,70,master,54, , , ,K13,WC-J,K13,K13,1,1,1.077526667,.285133333,.474686667,-1.19523,-2.65685,.79057,.79057,1.65144,0,0,.8554,.9798,.44426,0,-1.19523,-2.65685
STU20,male,24,70,master,54, , , ,K13,H38,K13,H38,1,-1,1.34105,-.142903333,1.85413,1.19522,-.66421,1.58114,.79057,1.65144,-1.22475,1.65144,-.8554,1.9596,1.77705,1.82574,1.19522,-.66421
STU20,male,24,70,master,54, , , ,H92,WC-J,H92,H92,1,1,1.604573333,.30492,-1.379443333,-2.39045,-1.99264,1.58114,1.58114,1.65144,0,-1.65144,2.5662,-.9798,-1.33279,-1.82574,-2.39045,-1.99264
STU20,male,24,70,master,54, , , ,H92,H38, , , , ,1.868096667,-.123116667,0,0,0,2.37171,1.58114,1.65144,-1.22475,0,.8554,0,0,0,0,0
STU20,male,24,70,master,54, , , ,WC-J,H38,H38,WC-J,-1,1,.263523333,-.428036667,1.379443333,2.39045,1.99264,.79057,0,0,-1.22475,1.65144,-1.7108,.9798,1.33279,1.82574,2.39045,1.99264
STU21,female,28,79,master,66, , , ,Elevator,WC-J,Elevator,Elevator,1,1,1.354696667,.40825,-.83989,0,-1.83712,1.16117,1.74175,1.16117,2.44949,0,-1.22474,-1.99263,-.52704,0,0,-1.83712
STU21,female,28,79,master,66, , , ,Elevator,J10,J10,Elevator,-1,1,.580586667,-.65222,-1.809743333,0,-2.44949,.58059,.58058,.58059,0,-.73192,-1.22474,-1.99263,-2.10818,-1.32842,0,-2.44949
STU21,female,28,79,master,66, , , ,Elevator,K32,K32,Elevator,-1,1,1.548226667,.164276667,-1.809743333,0,-2.44949,1.16117,2.32234,1.16117,0,-.73192,1.22475,-1.99263,-2.10818,-1.32842,0,-2.44949
STU21,female,28,79,master,66, , , ,Elevator,H92,H92,Elevator,-1,1,.580586667,.28383,.221406667,1.93649,-.61237,.58059,.58058,.58059,0,1.46386,-.61237,-.66421,0,1.32843,1.93649,-.61237
STU21,female,28,79,master,66, , , ,Elevator,H79,H79,Elevator,-1,1,2.7094,.69208,-.527046667,1.93649,-1.22475,2.90293,2.32234,2.90293,0,1.46386,.61238,0,-1.58114,0,1.93649,-1.22475
STU21,female,28,79,master,66, , , ,WC-J,J10,J10,J10,-1,-1,-.77411,-1.06047,-.969853333,0,-.61237,-.58058,-1.16117,-.58058,-2.44949,-.73192,0,0,-1.58114,-1.32842,0,-.61237
STU21,female,28,79,master,66, , , ,WC-J,K32,K32,K32,-1,-1,.19353,-.243973333,-.969853333,0,-.61237,0,.58059,0,-2.44949,-.73192,2.44949,0,-1.58114,-1.32842,0,-.61237
STU21,female,28,79,master,66, , , ,WC-J,H92,H92,H92,-1,-1,-.77411,-.12442,1.061296667,1.93649,1.22475,-.58058,-1.16117,-.58058,-2.44949,1.46386,.61237,1.32842,.52704,1.32843,1.93649,1.22475
STU21,female,28,79,master,66, , , ,WC-J,H79,H79,H79,-1,-1,1.354703333,.28383,.312843333,1.93649,.61237,1.74176,.58059,1.74176,-2.44949,1.46386,1.83712,1.99263,-1.0541,0,1.93649,.61237
STU21,female,28,79,master,66, , , ,J10,K32, ,J10, ,1,.96764,.816496667,0,0,0,.58058,1.74176,.58058,0,0,2.44949,0,0,0,0,0
STU21,female,28,79,master,66, , , ,J10,H92,J10,J10,1,1,0,.93605,2.03115,1.93649,1.83712,0,0,0,0,2.19578,.61237,1.32842,2.10818,2.65685,1.93649,1.83712
STU21,female,28,79,master,66, , , ,J10,H79,J10,J10,1,1,2.128813333,1.3443,1.282696667,1.93649,1.22474,2.32234,1.74176,2.32234,0,2.19578,1.83712,1.99263,.52704,1.32842,1.93649,1.22474
STU21,female,28,79,master,66, , , ,K32,H92,K32,H92,1,-1,-.96764,.119553333,2.03115,1.93649,1.83712,-.58058,-1.74176,-.58058,0,2.19578,-1.83712,1.32842,2.10818,2.65685,1.93649,1.83712
STU21,female,28,79,master,66, , , ,K32,H79,K32,H79,1,-1,1.161173333,.527803333,1.282696667,1.93649,1.22474,1.74176,0,1.74176,0,2.19578,-.61237,1.99263,.52704,1.32842,1.93649,1.22474
STU21,female,28,79,master,66, , , ,H92,H79,H79,H92,-1,1,2.128813333,.40825,-.748453333,0,-.61238,2.32234,1.74176,2.32234,0,0,1.22475,.66421,-1.58114,-1.32843,0,-.61238
STU22,male,25,81,master,26, , , ,K13,H79,K13,H79,1,-1,-1.899573333,-.761386667,1.18426,2.47716,0,-1.82574,-1.93649,-1.93649,0,-2.28416,0,.82572,.79057,1.93649,2.47716,0
STU22,male,25,81,master,26, , , ,K13,J10,J10,J10,-1,-1,-2.329906667,-.11589,-.538763333,.82572,0,-1.82574,-2.58199,-2.58199,0,-2.28416,1.93649,-.82572,-.79057,0,.82572,0
STU22,male,25,81,master,26, , , ,K13,H38,K13,H38,1,-1,-1.899573333,-.761386667,1.18426,1.65144,0,-1.82574,-1.93649,-1.93649,0,-2.28416,0,.82572,.79057,1.93649,1.65144,0
STU22,male,25,81,master,26, , , ,K13,K32,K32,K32,-1,-1,-2.634196667,.074456667,-.802286667,0,-2.44949,-2.73861,-2.58199,-2.58199,0,-1.71312,1.93649,-.82572,-1.58114,0,0,-2.44949
STU22,male,25,81,master,26, , , ,K13,Elevator,Elevator,Elevator,-1,-1,-2.634196667,-1.76823,.814003333,1.65144,0,-2.73861,-2.58199,-2.58199,-2.44949,-2.8552,0,1.65144,.79057,0,1.65144,0
STU22,male,25,81,master,26, , , ,H79,J10,J10,H79,-1,1,-.430333333,.645496667,-1.723023333,-1.65144,0,0,-.6455,-.6455,0,0,1.93649,-1.65144,-1.58114,-1.93649,-1.65144,0
STU22,male,25,81,master,26, , , ,H79,H38,H79,H38,1,-1,0,0,0,-.82572,0,0,0,0,0,0,0,0,0,0,-.82572,0
STU22,male,25,81,master,26, , , ,H79,K32,K32,K32,-1,-1,-.734623333,.835843333,-1.986546667,-2.47716,-2.44949,-.91287,-.6455,-.6455,0,.57104,1.93649,-1.65144,-2.37171,-1.93649,-2.47716,-2.44949
STU22,male,25,81,master,26, , , ,H79,Elevator,Elevator,Elevator,-1,-1,-.734623333,-1.006843333,-.370256667,-.82572,0,-.91287,-.6455,-.6455,-2.44949,-.57104,0,.82572,0,-1.93649,-.82572,0
STU22,male,25,81,master,26, , , ,J10,H38,J10,H38,1,-1,.430333333,-.645496667,1.723023333,.82572,0,0,.6455,.6455,0,0,-1.93649,1.65144,1.58114,1.93649,.82572,0
STU22,male,25,81,master,26, , , ,J10,K32,J10,K32,1,-1,-.30429,.190346667,-.263523333,-.82572,-2.44949,-.91287,0,0,0,.57104,0,0,-.79057,0,-.82572,-2.44949
STU22,male,25,81,master,26, , , ,J10,Elevator,Elevator,Elevator,-1,-1,-.30429,-1.65234,1.352766667,.82572,0,-.91287,0,0,-2.44949,-.57104,-1.93649,2.47716,1.58114,0,.82572,0
STU22,male,25,81,master,26, , , ,H38,K32,K32,H38,-1,1,-.734623333,.835843333,-1.986546667,-1.65144,-2.44949,-.91287,-.6455,-.6455,0,.57104,1.93649,-1.65144,-2.37171,-1.93649,-1.65144,-2.44949
STU22,male,25,81,master,26, , , ,H38,Elevator,Elevator,Elevator,-1,-1,-.734623333,-1.006843333,-.370256667,0,0,-.91287,-.6455,-.6455,-2.44949,-.57104,0,.82572,0,-1.93649,0,0
STU22,male,25,81,master,26, , , ,K32,Elevator,Elevator,Elevator,-1,-1,0,-1.842686667,1.61629,1.65144,2.44949,0,0,0,-2.44949,-1.14208,-1.93649,2.47716,2.37171,0,1.65144,2.44949
STU23,female,26,66,master,60, , , ,H79,J10,J10,H79,-1,1,-1.71394,-1.401023333,-1.537846667,-1.74176,-1.22475,-1.63501,-1.63501,-1.8718,-1.82574,-1.71312,-.66421,-1.01709,-1.22474,-2.37171,-1.74176,-1.22475
STU23,female,26,66,master,60, , , ,H79,L11,H79,H79,1,1,-1.557956667,-.387176667,-.73117,-.58059,0,-1.63501,-1.63501,-1.40385,-1.82574,0,.66421,0,-.61237,-1.58114,-.58059,0
STU23,female,26,66,master,60, , , ,H79,K32,K32,H79,-1,1,-.519316667,-.798926667,-1.198816667,-2.32234,-1.22475,-.545,-.545,-.46795,-1.82574,-.57104,0,0,-1.22474,-2.37171,-2.32234,-1.22475
STU23,female,26,66,master,60, , , ,H79,WC-J,H79,H79,1,1,-.363333333,.221403333,.295743333,-1.74176,-2.44949,-.545,-.545,0,0,0,.66421,2.03419,1.22475,-2.37171,-1.74176,-2.44949
STU23,female,26,66,master,60, , , ,H79,H38,H38,H38,-1,-1,-2.596596667,-1.425596667,-.059396667,0,0,-2.72502,-2.72502,-2.33975,0,-2.28416,-1.99263,0,.61238,-.79057,0,0
STU23,female,26,66,master,60, , , ,J10,L11,J10,J10,1,1,.155983333,1.013846667,.806676667,1.16117,1.22475,0,0,.46795,0,1.71312,1.32842,1.01709,.61237,.79057,1.16117,1.22475
STU23,female,26,66,master,60, , , ,J10,K32,J10,J10,1,1,1.194623333,.602096667,.33903,-.58058,0,1.09001,1.09001,1.40385,0,1.14208,.66421,1.01709,0,0,-.58058,0
STU23,female,26,66,master,60, , , ,J10,WC-J,WC-J,WC-J,-1,-1,1.350606667,1.622426667,1.83359,0,-1.22474,1.09001,1.09001,1.8718,1.82574,1.71312,1.32842,3.05128,2.44949,0,0,-1.22474
STU23,female,26,66,master,60, , , ,J10,H38,H38,H38,-1,-1,-.882656667,-.024573333,1.47845,1.74176,1.22475,-1.09001,-1.09001,-.46795,1.82574,-.57104,-1.32842,1.01709,1.83712,1.58114,1.74176,1.22475
STU23,female,26,66,master,60, , , ,L11,K32,K32, ,-1, ,1.03864,-.41175,-.467646667,-1.74175,-1.22475,1.09001,1.09001,.9359,0,-.57104,-.66421,0,-.61237,-.79057,-1.74175,-1.22475
STU23,female,26,66,master,60, , , ,L11,WC-J,WC-J,WC-J,-1,-1,1.194623333,.60858,1.026913333,-1.16117,-2.44949,1.09001,1.09001,1.40385,1.82574,0,0,2.03419,1.83712,-.79057,-1.16117,-2.44949
STU23,female,26,66,master,60, , , ,L11,H38,H38,H38,-1,-1,-1.03864,-1.03842,.671773333,.58059,0,-1.09001,-1.09001,-.9359,1.82574,-2.28416,-2.65684,0,1.22475,.79057,.58059,0
STU23,female,26,66,master,60, , , ,K32,WC-J,K32,WC-J,1,-1,.155983333,1.02033,1.49456,.58058,-1.22474,0,0,.46795,1.82574,.57104,.66421,2.03419,2.44949,0,.58058,-1.22474
STU23,female,26,66,master,60, , , ,K32,H38,H38,H38,-1,-1,-2.07728,-.62667,1.13942,2.32234,1.22475,-2.18002,-2.18002,-1.8718,1.82574,-1.71312,-1.99263,0,1.83712,1.58114,2.32234,1.22475
STU23,female,26,66,master,60, , , ,WC-J,H38,H38,H38,-1,-1,-2.233263333,-1.647,-.35514,1.74176,2.44949,-2.18002,-2.18002,-2.33975,0,-2.28416,-2.65684,-2.03419,-.61237,1.58114,1.74176,2.44949
